<Anims>
 <anim name="idle" root="soultide_dgs" numframes="1000" framerate="40">
  <frame idx="0" w="855" h="982" x="-135.319885" y="-171.671204">
   <element name="symbol0" layername="soultide_dgs" frame="0" z_index="1" m_a="0.900000" m_b="0.000000" m_c="0.000000" m_d="0.900000" m_tx="0.000000" m_ty="0.000000"/>
  </frame>
  <frame idx="25" w="855" h="982" x="-135.319885" y="-171.671204">
   <element name="symbol0" layername="soultide_dgs" frame="0" z_index="1" m_a="0.900000" m_b="0.000000" m_c="0.000000" m_d="0.900000" m_tx="0.000000" m_ty="0.000000"/>
  </frame>
  <frame idx="50" w="855" h="982" x="-135.319885" y="-171.671204">
   <element name="symbol0" layername="soultide_dgs" frame="0" z_index="1" m_a="0.900000" m_b="0.000000" m_c="0.000000" m_d="0.900000" m_tx="0.000000" m_ty="0.000000"/>
  </frame>
  <frame idx="75" w="855" h="982" x="-135.319885" y="-171.671204">
   <element name="symbol0" layername="soultide_dgs" frame="0" z_index="1" m_a="0.900000" m_b="0.000000" m_c="0.000000" m_d="0.900000" m_tx="0.000000" m_ty="0.000000"/>
  </frame>
  <frame idx="100" w="855" h="982" x="-135.319885" y="-171.671204">
   <element name="symbol0" layername="soultide_dgs" frame="0" z_index="1" m_a="0.900000" m_b="0.000000" m_c="0.000000" m_d="0.900000" m_tx="0.000000" m_ty="0.000000"/>
  </frame>
  <frame idx="125" w="855" h="982" x="-135.319885" y="-171.671204">
   <element name="symbol0" layername="soultide_dgs" frame="0" z_index="1" m_a="0.900000" m_b="0.000000" m_c="0.000000" m_d="0.900000" m_tx="0.000000" m_ty="0.000000"/>
  </frame>
  <frame idx="150" w="855" h="982" x="-135.319885" y="-171.671204">
   <element name="symbol0" layername="soultide_dgs" frame="0" z_index="1" m_a="0.900000" m_b="0.000000" m_c="0.000000" m_d="0.900000" m_tx="0.000000" m_ty="0.000000"/>
  </frame>
  <frame idx="175" w="855" h="982" x="-135.319885" y="-171.671204">
   <element name="symbol0" layername="soultide_dgs" frame="0" z_index="1" m_a="0.900000" m_b="0.000000" m_c="0.000000" m_d="0.900000" m_tx="0.000000" m_ty="0.000000"/>
  </frame>
  <frame idx="200" w="855" h="982" x="-135.319885" y="-171.671204">
   <element name="symbol0" layername="soultide_dgs" frame="0" z_index="1" m_a="0.900000" m_b="0.000000" m_c="0.000000" m_d="0.900000" m_tx="0.000000" m_ty="0.000000"/>
  </frame>
  <frame idx="225" w="855" h="982" x="-135.319885" y="-171.671204">
   <element name="symbol0" layername="soultide_dgs" frame="0" z_index="1" m_a="0.900000" m_b="0.000000" m_c="0.000000" m_d="0.900000" m_tx="0.000000" m_ty="0.000000"/>
  </frame>
  <frame idx="250" w="855" h="982" x="-135.319885" y="-171.671204">
   <element name="symbol0" layername="soultide_dgs" frame="0" z_index="1" m_a="0.900000" m_b="0.000000" m_c="0.000000" m_d="0.900000" m_tx="0.000000" m_ty="0.000000"/>
  </frame>
  <frame idx="275" w="855" h="982" x="-135.319885" y="-171.671204">
   <element name="symbol0" layername="soultide_dgs" frame="0" z_index="1" m_a="0.900000" m_b="0.000000" m_c="0.000000" m_d="0.900000" m_tx="0.000000" m_ty="0.000000"/>
  </frame>
  <frame idx="300" w="855" h="982" x="-135.319885" y="-171.671204">
   <element name="symbol0" layername="soultide_dgs" frame="0" z_index="1" m_a="0.900000" m_b="0.000000" m_c="0.000000" m_d="0.900000" m_tx="0.000000" m_ty="0.000000"/>
  </frame>
  <frame idx="325" w="855" h="982" x="-135.319885" y="-171.671204">
   <element name="symbol0" layername="soultide_dgs" frame="0" z_index="1" m_a="0.900000" m_b="0.000000" m_c="0.000000" m_d="0.900000" m_tx="0.000000" m_ty="0.000000"/>
  </frame>
  <frame idx="350" w="855" h="982" x="-135.319885" y="-171.671204">
   <element name="symbol0" layername="soultide_dgs" frame="0" z_index="1" m_a="0.900000" m_b="0.000000" m_c="0.000000" m_d="0.900000" m_tx="0.000000" m_ty="0.000000"/>
  </frame>
  <frame idx="375" w="855" h="982" x="-135.319885" y="-171.671204">
   <element name="symbol0" layername="soultide_dgs" frame="0" z_index="1" m_a="0.900000" m_b="0.000000" m_c="0.000000" m_d="0.900000" m_tx="0.000000" m_ty="0.000000"/>
  </frame>
  <frame idx="400" w="855" h="982" x="-135.319885" y="-171.671204">
   <element name="symbol0" layername="soultide_dgs" frame="0" z_index="1" m_a="0.900000" m_b="0.000000" m_c="0.000000" m_d="0.900000" m_tx="0.000000" m_ty="0.000000"/>
  </frame>
  <frame idx="425" w="855" h="982" x="-135.319885" y="-171.671204">
   <element name="symbol0" layername="soultide_dgs" frame="0" z_index="1" m_a="0.900000" m_b="0.000000" m_c="0.000000" m_d="0.900000" m_tx="0.000000" m_ty="0.000000"/>
  </frame>
  <frame idx="450" w="855" h="982" x="-135.319885" y="-171.671204">
   <element name="symbol0" layername="soultide_dgs" frame="0" z_index="1" m_a="0.900000" m_b="0.000000" m_c="0.000000" m_d="0.900000" m_tx="0.000000" m_ty="0.000000"/>
  </frame>
  <frame idx="475" w="855" h="982" x="-135.319885" y="-171.671204">
   <element name="symbol0" layername="soultide_dgs" frame="0" z_index="1" m_a="0.900000" m_b="0.000000" m_c="0.000000" m_d="0.900000" m_tx="0.000000" m_ty="0.000000"/>
  </frame>
  <frame idx="500" w="855" h="982" x="-135.319885" y="-171.671204">
   <element name="symbol0" layername="soultide_dgs" frame="0" z_index="1" m_a="0.900000" m_b="0.000000" m_c="0.000000" m_d="0.900000" m_tx="0.000000" m_ty="0.000000"/>
  </frame>
  <frame idx="525" w="855" h="982" x="-135.319885" y="-171.671204">
   <element name="symbol0" layername="soultide_dgs" frame="0" z_index="1" m_a="0.900000" m_b="0.000000" m_c="0.000000" m_d="0.900000" m_tx="0.000000" m_ty="0.000000"/>
  </frame>
  <frame idx="550" w="855" h="982" x="-135.319885" y="-171.671204">
   <element name="symbol0" layername="soultide_dgs" frame="0" z_index="1" m_a="0.900000" m_b="0.000000" m_c="0.000000" m_d="0.900000" m_tx="0.000000" m_ty="0.000000"/>
  </frame>
  <frame idx="575" w="855" h="982" x="-135.319885" y="-171.671204">
   <element name="symbol0" layername="soultide_dgs" frame="0" z_index="1" m_a="0.900000" m_b="0.000000" m_c="0.000000" m_d="0.900000" m_tx="0.000000" m_ty="0.000000"/>
  </frame>
  <frame idx="600" w="855" h="982" x="-135.319885" y="-171.671204">
   <element name="symbol0" layername="soultide_dgs" frame="0" z_index="1" m_a="0.900000" m_b="0.000000" m_c="0.000000" m_d="0.900000" m_tx="0.000000" m_ty="0.000000"/>
  </frame>
  <frame idx="625" w="855" h="982" x="-135.319885" y="-171.671204">
   <element name="symbol0" layername="soultide_dgs" frame="0" z_index="1" m_a="0.900000" m_b="0.000000" m_c="0.000000" m_d="0.900000" m_tx="0.000000" m_ty="0.000000"/>
  </frame>
  <frame idx="650" w="855" h="982" x="-135.319885" y="-171.671204">
   <element name="symbol0" layername="soultide_dgs" frame="0" z_index="1" m_a="0.900000" m_b="0.000000" m_c="0.000000" m_d="0.900000" m_tx="0.000000" m_ty="0.000000"/>
  </frame>
  <frame idx="675" w="855" h="982" x="-135.319885" y="-171.671204">
   <element name="symbol0" layername="soultide_dgs" frame="0" z_index="1" m_a="0.900000" m_b="0.000000" m_c="0.000000" m_d="0.900000" m_tx="0.000000" m_ty="0.000000"/>
  </frame>
  <frame idx="700" w="855" h="982" x="-135.319885" y="-171.671204">
   <element name="symbol0" layername="soultide_dgs" frame="0" z_index="1" m_a="0.900000" m_b="0.000000" m_c="0.000000" m_d="0.900000" m_tx="0.000000" m_ty="0.000000"/>
  </frame>
  <frame idx="725" w="855" h="982" x="-135.319885" y="-171.671204">
   <element name="symbol0" layername="soultide_dgs" frame="0" z_index="1" m_a="0.900000" m_b="0.000000" m_c="0.000000" m_d="0.900000" m_tx="0.000000" m_ty="0.000000"/>
  </frame>
  <frame idx="750" w="855" h="982" x="-135.319885" y="-171.671204">
   <element name="symbol0" layername="soultide_dgs" frame="0" z_index="1" m_a="0.900000" m_b="0.000000" m_c="0.000000" m_d="0.900000" m_tx="0.000000" m_ty="0.000000"/>
  </frame>
  <frame idx="775" w="855" h="982" x="-135.319885" y="-171.671204">
   <element name="symbol0" layername="soultide_dgs" frame="0" z_index="1" m_a="0.900000" m_b="0.000000" m_c="0.000000" m_d="0.900000" m_tx="0.000000" m_ty="0.000000"/>
  </frame>
  <frame idx="800" w="855" h="982" x="-135.319885" y="-171.671204">
   <element name="symbol0" layername="soultide_dgs" frame="0" z_index="1" m_a="0.900000" m_b="0.000000" m_c="0.000000" m_d="0.900000" m_tx="0.000000" m_ty="0.000000"/>
  </frame>
  <frame idx="825" w="855" h="982" x="-135.319885" y="-171.671204">
   <element name="symbol0" layername="soultide_dgs" frame="0" z_index="1" m_a="0.900000" m_b="0.000000" m_c="0.000000" m_d="0.900000" m_tx="0.000000" m_ty="0.000000"/>
  </frame>
  <frame idx="850" w="855" h="982" x="-135.319885" y="-171.671204">
   <element name="symbol0" layername="soultide_dgs" frame="0" z_index="1" m_a="0.900000" m_b="0.000000" m_c="0.000000" m_d="0.900000" m_tx="0.000000" m_ty="0.000000"/>
  </frame>
  <frame idx="875" w="855" h="982" x="-135.319885" y="-171.671204">
   <element name="symbol0" layername="soultide_dgs" frame="0" z_index="1" m_a="0.900000" m_b="0.000000" m_c="0.000000" m_d="0.900000" m_tx="0.000000" m_ty="0.000000"/>
  </frame>
  <frame idx="900" w="855" h="982" x="-135.319885" y="-171.671204">
   <element name="symbol0" layername="soultide_dgs" frame="0" z_index="1" m_a="0.900000" m_b="0.000000" m_c="0.000000" m_d="0.900000" m_tx="0.000000" m_ty="0.000000"/>
  </frame>
  <frame idx="925" w="855" h="982" x="-135.319885" y="-171.671204">
   <element name="symbol0" layername="soultide_dgs" frame="0" z_index="1" m_a="0.900000" m_b="0.000000" m_c="0.000000" m_d="0.900000" m_tx="0.000000" m_ty="0.000000"/>
  </frame>
  <frame idx="950" w="855" h="982" x="-135.319885" y="-171.671204">
   <element name="symbol0" layername="soultide_dgs" frame="0" z_index="1" m_a="0.900000" m_b="0.000000" m_c="0.000000" m_d="0.900000" m_tx="0.000000" m_ty="0.000000"/>
  </frame>
  <frame idx="975" w="855" h="982" x="-135.319885" y="-171.671204">
   <element name="symbol0" layername="soultide_dgs" frame="0" z_index="1" m_a="0.900000" m_b="0.000000" m_c="0.000000" m_d="0.900000" m_tx="0.000000" m_ty="0.000000"/>
  </frame>
 </anim>
</Anims>
