<Anims>
 <anim name="soultide_moonspringcrystal_purple" root="soultide_upnecessity" numframes="1000" framerate="40">
  <frame idx="0" w="79" h="99" x="6.400002" y="-12.799999">
   <element name="symbol0" layername="soultide_moonspringcrystal_purple" frame="0" z_index="6" m_a="1.200000" m_b="0.000000" m_c="0.000000" m_d="1.200000" m_tx="0.000000" m_ty="0.000000"/>
  </frame>
  <frame idx="25" w="79" h="99" x="6.400002" y="-12.799999">
   <element name="symbol0" layername="soultide_moonspringcrystal_purple" frame="0" z_index="6" m_a="1.200000" m_b="0.000000" m_c="0.000000" m_d="1.200000" m_tx="0.000000" m_ty="0.000000"/>
  </frame>
  <frame idx="50" w="79" h="99" x="6.400002" y="-12.799999">
   <element name="symbol0" layername="soultide_moonspringcrystal_purple" frame="0" z_index="6" m_a="1.200000" m_b="0.000000" m_c="0.000000" m_d="1.200000" m_tx="0.000000" m_ty="0.000000"/>
  </frame>
  <frame idx="75" w="79" h="99" x="6.400002" y="-12.799999">
   <element name="symbol0" layername="soultide_moonspringcrystal_purple" frame="0" z_index="6" m_a="1.200000" m_b="0.000000" m_c="0.000000" m_d="1.200000" m_tx="0.000000" m_ty="0.000000"/>
  </frame>
  <frame idx="100" w="79" h="99" x="6.400002" y="-12.799999">
   <element name="symbol0" layername="soultide_moonspringcrystal_purple" frame="0" z_index="6" m_a="1.200000" m_b="0.000000" m_c="0.000000" m_d="1.200000" m_tx="0.000000" m_ty="0.000000"/>
  </frame>
  <frame idx="125" w="79" h="99" x="6.400002" y="-12.799999">
   <element name="symbol0" layername="soultide_moonspringcrystal_purple" frame="0" z_index="6" m_a="1.200000" m_b="0.000000" m_c="0.000000" m_d="1.200000" m_tx="0.000000" m_ty="0.000000"/>
  </frame>
  <frame idx="150" w="79" h="99" x="6.400002" y="-12.799999">
   <element name="symbol0" layername="soultide_moonspringcrystal_purple" frame="0" z_index="6" m_a="1.200000" m_b="0.000000" m_c="0.000000" m_d="1.200000" m_tx="0.000000" m_ty="0.000000"/>
  </frame>
  <frame idx="175" w="79" h="99" x="6.400002" y="-12.799999">
   <element name="symbol0" layername="soultide_moonspringcrystal_purple" frame="0" z_index="6" m_a="1.200000" m_b="0.000000" m_c="0.000000" m_d="1.200000" m_tx="0.000000" m_ty="0.000000"/>
  </frame>
  <frame idx="200" w="79" h="99" x="6.400002" y="-12.799999">
   <element name="symbol0" layername="soultide_moonspringcrystal_purple" frame="0" z_index="6" m_a="1.200000" m_b="0.000000" m_c="0.000000" m_d="1.200000" m_tx="0.000000" m_ty="0.000000"/>
  </frame>
  <frame idx="225" w="79" h="99" x="6.400002" y="-12.799999">
   <element name="symbol0" layername="soultide_moonspringcrystal_purple" frame="0" z_index="6" m_a="1.200000" m_b="0.000000" m_c="0.000000" m_d="1.200000" m_tx="0.000000" m_ty="0.000000"/>
  </frame>
  <frame idx="250" w="79" h="99" x="6.400002" y="-12.799999">
   <element name="symbol0" layername="soultide_moonspringcrystal_purple" frame="0" z_index="6" m_a="1.200000" m_b="0.000000" m_c="0.000000" m_d="1.200000" m_tx="0.000000" m_ty="0.000000"/>
  </frame>
  <frame idx="275" w="79" h="99" x="6.400002" y="-12.799999">
   <element name="symbol0" layername="soultide_moonspringcrystal_purple" frame="0" z_index="6" m_a="1.200000" m_b="0.000000" m_c="0.000000" m_d="1.200000" m_tx="0.000000" m_ty="0.000000"/>
  </frame>
  <frame idx="300" w="79" h="99" x="6.400002" y="-12.799999">
   <element name="symbol0" layername="soultide_moonspringcrystal_purple" frame="0" z_index="6" m_a="1.200000" m_b="0.000000" m_c="0.000000" m_d="1.200000" m_tx="0.000000" m_ty="0.000000"/>
  </frame>
  <frame idx="325" w="79" h="99" x="6.400002" y="-12.799999">
   <element name="symbol0" layername="soultide_moonspringcrystal_purple" frame="0" z_index="6" m_a="1.200000" m_b="0.000000" m_c="0.000000" m_d="1.200000" m_tx="0.000000" m_ty="0.000000"/>
  </frame>
  <frame idx="350" w="79" h="99" x="6.400002" y="-12.799999">
   <element name="symbol0" layername="soultide_moonspringcrystal_purple" frame="0" z_index="6" m_a="1.200000" m_b="0.000000" m_c="0.000000" m_d="1.200000" m_tx="0.000000" m_ty="0.000000"/>
  </frame>
  <frame idx="375" w="79" h="99" x="6.400002" y="-12.799999">
   <element name="symbol0" layername="soultide_moonspringcrystal_purple" frame="0" z_index="6" m_a="1.200000" m_b="0.000000" m_c="0.000000" m_d="1.200000" m_tx="0.000000" m_ty="0.000000"/>
  </frame>
  <frame idx="400" w="79" h="99" x="6.400002" y="-12.799999">
   <element name="symbol0" layername="soultide_moonspringcrystal_purple" frame="0" z_index="6" m_a="1.200000" m_b="0.000000" m_c="0.000000" m_d="1.200000" m_tx="0.000000" m_ty="0.000000"/>
  </frame>
  <frame idx="425" w="79" h="99" x="6.400002" y="-12.799999">
   <element name="symbol0" layername="soultide_moonspringcrystal_purple" frame="0" z_index="6" m_a="1.200000" m_b="0.000000" m_c="0.000000" m_d="1.200000" m_tx="0.000000" m_ty="0.000000"/>
  </frame>
  <frame idx="450" w="79" h="99" x="6.400002" y="-12.799999">
   <element name="symbol0" layername="soultide_moonspringcrystal_purple" frame="0" z_index="6" m_a="1.200000" m_b="0.000000" m_c="0.000000" m_d="1.200000" m_tx="0.000000" m_ty="0.000000"/>
  </frame>
  <frame idx="475" w="79" h="99" x="6.400002" y="-12.799999">
   <element name="symbol0" layername="soultide_moonspringcrystal_purple" frame="0" z_index="6" m_a="1.200000" m_b="0.000000" m_c="0.000000" m_d="1.200000" m_tx="0.000000" m_ty="0.000000"/>
  </frame>
  <frame idx="500" w="79" h="99" x="6.400002" y="-12.799999">
   <element name="symbol0" layername="soultide_moonspringcrystal_purple" frame="0" z_index="6" m_a="1.200000" m_b="0.000000" m_c="0.000000" m_d="1.200000" m_tx="0.000000" m_ty="0.000000"/>
  </frame>
  <frame idx="525" w="79" h="99" x="6.400002" y="-12.799999">
   <element name="symbol0" layername="soultide_moonspringcrystal_purple" frame="0" z_index="6" m_a="1.200000" m_b="0.000000" m_c="0.000000" m_d="1.200000" m_tx="0.000000" m_ty="0.000000"/>
  </frame>
  <frame idx="550" w="79" h="99" x="6.400002" y="-12.799999">
   <element name="symbol0" layername="soultide_moonspringcrystal_purple" frame="0" z_index="6" m_a="1.200000" m_b="0.000000" m_c="0.000000" m_d="1.200000" m_tx="0.000000" m_ty="0.000000"/>
  </frame>
  <frame idx="575" w="79" h="99" x="6.400002" y="-12.799999">
   <element name="symbol0" layername="soultide_moonspringcrystal_purple" frame="0" z_index="6" m_a="1.200000" m_b="0.000000" m_c="0.000000" m_d="1.200000" m_tx="0.000000" m_ty="0.000000"/>
  </frame>
  <frame idx="600" w="79" h="99" x="6.400002" y="-12.799999">
   <element name="symbol0" layername="soultide_moonspringcrystal_purple" frame="0" z_index="6" m_a="1.200000" m_b="0.000000" m_c="0.000000" m_d="1.200000" m_tx="0.000000" m_ty="0.000000"/>
  </frame>
  <frame idx="625" w="79" h="99" x="6.400002" y="-12.799999">
   <element name="symbol0" layername="soultide_moonspringcrystal_purple" frame="0" z_index="6" m_a="1.200000" m_b="0.000000" m_c="0.000000" m_d="1.200000" m_tx="0.000000" m_ty="0.000000"/>
  </frame>
  <frame idx="650" w="79" h="99" x="6.400002" y="-12.799999">
   <element name="symbol0" layername="soultide_moonspringcrystal_purple" frame="0" z_index="6" m_a="1.200000" m_b="0.000000" m_c="0.000000" m_d="1.200000" m_tx="0.000000" m_ty="0.000000"/>
  </frame>
  <frame idx="675" w="79" h="99" x="6.400002" y="-12.799999">
   <element name="symbol0" layername="soultide_moonspringcrystal_purple" frame="0" z_index="6" m_a="1.200000" m_b="0.000000" m_c="0.000000" m_d="1.200000" m_tx="0.000000" m_ty="0.000000"/>
  </frame>
  <frame idx="700" w="79" h="99" x="6.400002" y="-12.799999">
   <element name="symbol0" layername="soultide_moonspringcrystal_purple" frame="0" z_index="6" m_a="1.200000" m_b="0.000000" m_c="0.000000" m_d="1.200000" m_tx="0.000000" m_ty="0.000000"/>
  </frame>
  <frame idx="725" w="79" h="99" x="6.400002" y="-12.799999">
   <element name="symbol0" layername="soultide_moonspringcrystal_purple" frame="0" z_index="6" m_a="1.200000" m_b="0.000000" m_c="0.000000" m_d="1.200000" m_tx="0.000000" m_ty="0.000000"/>
  </frame>
  <frame idx="750" w="79" h="99" x="6.400002" y="-12.799999">
   <element name="symbol0" layername="soultide_moonspringcrystal_purple" frame="0" z_index="6" m_a="1.200000" m_b="0.000000" m_c="0.000000" m_d="1.200000" m_tx="0.000000" m_ty="0.000000"/>
  </frame>
  <frame idx="775" w="79" h="99" x="6.400002" y="-12.799999">
   <element name="symbol0" layername="soultide_moonspringcrystal_purple" frame="0" z_index="6" m_a="1.200000" m_b="0.000000" m_c="0.000000" m_d="1.200000" m_tx="0.000000" m_ty="0.000000"/>
  </frame>
  <frame idx="800" w="79" h="99" x="6.400002" y="-12.799999">
   <element name="symbol0" layername="soultide_moonspringcrystal_purple" frame="0" z_index="6" m_a="1.200000" m_b="0.000000" m_c="0.000000" m_d="1.200000" m_tx="0.000000" m_ty="0.000000"/>
  </frame>
  <frame idx="825" w="79" h="99" x="6.400002" y="-12.799999">
   <element name="symbol0" layername="soultide_moonspringcrystal_purple" frame="0" z_index="6" m_a="1.200000" m_b="0.000000" m_c="0.000000" m_d="1.200000" m_tx="0.000000" m_ty="0.000000"/>
  </frame>
  <frame idx="850" w="79" h="99" x="6.400002" y="-12.799999">
   <element name="symbol0" layername="soultide_moonspringcrystal_purple" frame="0" z_index="6" m_a="1.200000" m_b="0.000000" m_c="0.000000" m_d="1.200000" m_tx="0.000000" m_ty="0.000000"/>
  </frame>
  <frame idx="875" w="79" h="99" x="6.400002" y="-12.799999">
   <element name="symbol0" layername="soultide_moonspringcrystal_purple" frame="0" z_index="6" m_a="1.200000" m_b="0.000000" m_c="0.000000" m_d="1.200000" m_tx="0.000000" m_ty="0.000000"/>
  </frame>
  <frame idx="900" w="79" h="99" x="6.400002" y="-12.799999">
   <element name="symbol0" layername="soultide_moonspringcrystal_purple" frame="0" z_index="6" m_a="1.200000" m_b="0.000000" m_c="0.000000" m_d="1.200000" m_tx="0.000000" m_ty="0.000000"/>
  </frame>
  <frame idx="925" w="79" h="99" x="6.400002" y="-12.799999">
   <element name="symbol0" layername="soultide_moonspringcrystal_purple" frame="0" z_index="6" m_a="1.200000" m_b="0.000000" m_c="0.000000" m_d="1.200000" m_tx="0.000000" m_ty="0.000000"/>
  </frame>
  <frame idx="950" w="79" h="99" x="6.400002" y="-12.799999">
   <element name="symbol0" layername="soultide_moonspringcrystal_purple" frame="0" z_index="6" m_a="1.200000" m_b="0.000000" m_c="0.000000" m_d="1.200000" m_tx="0.000000" m_ty="0.000000"/>
  </frame>
  <frame idx="975" w="79" h="99" x="6.400002" y="-12.799999">
   <element name="symbol0" layername="soultide_moonspringcrystal_purple" frame="0" z_index="6" m_a="1.200000" m_b="0.000000" m_c="0.000000" m_d="1.200000" m_tx="0.000000" m_ty="0.000000"/>
  </frame>
 </anim>
 <anim name="soultide_moonsoul_blue" root="soultide_upnecessity" numframes="1000" framerate="40">
  <frame idx="0" w="79" h="99" x="6.400002" y="-12.799999">
   <element name="symbol0" layername="soultide_moonsoul_blue" frame="1" z_index="6" m_a="1.200000" m_b="0.000000" m_c="0.000000" m_d="1.200000" m_tx="0.000000" m_ty="0.000000"/>
  </frame>
  <frame idx="25" w="79" h="99" x="6.400002" y="-12.799999">
   <element name="symbol0" layername="soultide_moonsoul_blue" frame="1" z_index="6" m_a="1.200000" m_b="0.000000" m_c="0.000000" m_d="1.200000" m_tx="0.000000" m_ty="0.000000"/>
  </frame>
  <frame idx="50" w="79" h="99" x="6.400002" y="-12.799999">
   <element name="symbol0" layername="soultide_moonsoul_blue" frame="1" z_index="6" m_a="1.200000" m_b="0.000000" m_c="0.000000" m_d="1.200000" m_tx="0.000000" m_ty="0.000000"/>
  </frame>
  <frame idx="75" w="79" h="99" x="6.400002" y="-12.799999">
   <element name="symbol0" layername="soultide_moonsoul_blue" frame="1" z_index="6" m_a="1.200000" m_b="0.000000" m_c="0.000000" m_d="1.200000" m_tx="0.000000" m_ty="0.000000"/>
  </frame>
  <frame idx="100" w="79" h="99" x="6.400002" y="-12.799999">
   <element name="symbol0" layername="soultide_moonsoul_blue" frame="1" z_index="6" m_a="1.200000" m_b="0.000000" m_c="0.000000" m_d="1.200000" m_tx="0.000000" m_ty="0.000000"/>
  </frame>
  <frame idx="125" w="79" h="99" x="6.400002" y="-12.799999">
   <element name="symbol0" layername="soultide_moonsoul_blue" frame="1" z_index="6" m_a="1.200000" m_b="0.000000" m_c="0.000000" m_d="1.200000" m_tx="0.000000" m_ty="0.000000"/>
  </frame>
  <frame idx="150" w="79" h="99" x="6.400002" y="-12.799999">
   <element name="symbol0" layername="soultide_moonsoul_blue" frame="1" z_index="6" m_a="1.200000" m_b="0.000000" m_c="0.000000" m_d="1.200000" m_tx="0.000000" m_ty="0.000000"/>
  </frame>
  <frame idx="175" w="79" h="99" x="6.400002" y="-12.799999">
   <element name="symbol0" layername="soultide_moonsoul_blue" frame="1" z_index="6" m_a="1.200000" m_b="0.000000" m_c="0.000000" m_d="1.200000" m_tx="0.000000" m_ty="0.000000"/>
  </frame>
  <frame idx="200" w="79" h="99" x="6.400002" y="-12.799999">
   <element name="symbol0" layername="soultide_moonsoul_blue" frame="1" z_index="6" m_a="1.200000" m_b="0.000000" m_c="0.000000" m_d="1.200000" m_tx="0.000000" m_ty="0.000000"/>
  </frame>
  <frame idx="225" w="79" h="99" x="6.400002" y="-12.799999">
   <element name="symbol0" layername="soultide_moonsoul_blue" frame="1" z_index="6" m_a="1.200000" m_b="0.000000" m_c="0.000000" m_d="1.200000" m_tx="0.000000" m_ty="0.000000"/>
  </frame>
  <frame idx="250" w="79" h="99" x="6.400002" y="-12.799999">
   <element name="symbol0" layername="soultide_moonsoul_blue" frame="1" z_index="6" m_a="1.200000" m_b="0.000000" m_c="0.000000" m_d="1.200000" m_tx="0.000000" m_ty="0.000000"/>
  </frame>
  <frame idx="275" w="79" h="99" x="6.400002" y="-12.799999">
   <element name="symbol0" layername="soultide_moonsoul_blue" frame="1" z_index="6" m_a="1.200000" m_b="0.000000" m_c="0.000000" m_d="1.200000" m_tx="0.000000" m_ty="0.000000"/>
  </frame>
  <frame idx="300" w="79" h="99" x="6.400002" y="-12.799999">
   <element name="symbol0" layername="soultide_moonsoul_blue" frame="1" z_index="6" m_a="1.200000" m_b="0.000000" m_c="0.000000" m_d="1.200000" m_tx="0.000000" m_ty="0.000000"/>
  </frame>
  <frame idx="325" w="79" h="99" x="6.400002" y="-12.799999">
   <element name="symbol0" layername="soultide_moonsoul_blue" frame="1" z_index="6" m_a="1.200000" m_b="0.000000" m_c="0.000000" m_d="1.200000" m_tx="0.000000" m_ty="0.000000"/>
  </frame>
  <frame idx="350" w="79" h="99" x="6.400002" y="-12.799999">
   <element name="symbol0" layername="soultide_moonsoul_blue" frame="1" z_index="6" m_a="1.200000" m_b="0.000000" m_c="0.000000" m_d="1.200000" m_tx="0.000000" m_ty="0.000000"/>
  </frame>
  <frame idx="375" w="79" h="99" x="6.400002" y="-12.799999">
   <element name="symbol0" layername="soultide_moonsoul_blue" frame="1" z_index="6" m_a="1.200000" m_b="0.000000" m_c="0.000000" m_d="1.200000" m_tx="0.000000" m_ty="0.000000"/>
  </frame>
  <frame idx="400" w="79" h="99" x="6.400002" y="-12.799999">
   <element name="symbol0" layername="soultide_moonsoul_blue" frame="1" z_index="6" m_a="1.200000" m_b="0.000000" m_c="0.000000" m_d="1.200000" m_tx="0.000000" m_ty="0.000000"/>
  </frame>
  <frame idx="425" w="79" h="99" x="6.400002" y="-12.799999">
   <element name="symbol0" layername="soultide_moonsoul_blue" frame="1" z_index="6" m_a="1.200000" m_b="0.000000" m_c="0.000000" m_d="1.200000" m_tx="0.000000" m_ty="0.000000"/>
  </frame>
  <frame idx="450" w="79" h="99" x="6.400002" y="-12.799999">
   <element name="symbol0" layername="soultide_moonsoul_blue" frame="1" z_index="6" m_a="1.200000" m_b="0.000000" m_c="0.000000" m_d="1.200000" m_tx="0.000000" m_ty="0.000000"/>
  </frame>
  <frame idx="475" w="79" h="99" x="6.400002" y="-12.799999">
   <element name="symbol0" layername="soultide_moonsoul_blue" frame="1" z_index="6" m_a="1.200000" m_b="0.000000" m_c="0.000000" m_d="1.200000" m_tx="0.000000" m_ty="0.000000"/>
  </frame>
  <frame idx="500" w="79" h="99" x="6.400002" y="-12.799999">
   <element name="symbol0" layername="soultide_moonsoul_blue" frame="1" z_index="6" m_a="1.200000" m_b="0.000000" m_c="0.000000" m_d="1.200000" m_tx="0.000000" m_ty="0.000000"/>
  </frame>
  <frame idx="525" w="79" h="99" x="6.400002" y="-12.799999">
   <element name="symbol0" layername="soultide_moonsoul_blue" frame="1" z_index="6" m_a="1.200000" m_b="0.000000" m_c="0.000000" m_d="1.200000" m_tx="0.000000" m_ty="0.000000"/>
  </frame>
  <frame idx="550" w="79" h="99" x="6.400002" y="-12.799999">
   <element name="symbol0" layername="soultide_moonsoul_blue" frame="1" z_index="6" m_a="1.200000" m_b="0.000000" m_c="0.000000" m_d="1.200000" m_tx="0.000000" m_ty="0.000000"/>
  </frame>
  <frame idx="575" w="79" h="99" x="6.400002" y="-12.799999">
   <element name="symbol0" layername="soultide_moonsoul_blue" frame="1" z_index="6" m_a="1.200000" m_b="0.000000" m_c="0.000000" m_d="1.200000" m_tx="0.000000" m_ty="0.000000"/>
  </frame>
  <frame idx="600" w="79" h="99" x="6.400002" y="-12.799999">
   <element name="symbol0" layername="soultide_moonsoul_blue" frame="1" z_index="6" m_a="1.200000" m_b="0.000000" m_c="0.000000" m_d="1.200000" m_tx="0.000000" m_ty="0.000000"/>
  </frame>
  <frame idx="625" w="79" h="99" x="6.400002" y="-12.799999">
   <element name="symbol0" layername="soultide_moonsoul_blue" frame="1" z_index="6" m_a="1.200000" m_b="0.000000" m_c="0.000000" m_d="1.200000" m_tx="0.000000" m_ty="0.000000"/>
  </frame>
  <frame idx="650" w="79" h="99" x="6.400002" y="-12.799999">
   <element name="symbol0" layername="soultide_moonsoul_blue" frame="1" z_index="6" m_a="1.200000" m_b="0.000000" m_c="0.000000" m_d="1.200000" m_tx="0.000000" m_ty="0.000000"/>
  </frame>
  <frame idx="675" w="79" h="99" x="6.400002" y="-12.799999">
   <element name="symbol0" layername="soultide_moonsoul_blue" frame="1" z_index="6" m_a="1.200000" m_b="0.000000" m_c="0.000000" m_d="1.200000" m_tx="0.000000" m_ty="0.000000"/>
  </frame>
  <frame idx="700" w="79" h="99" x="6.400002" y="-12.799999">
   <element name="symbol0" layername="soultide_moonsoul_blue" frame="1" z_index="6" m_a="1.200000" m_b="0.000000" m_c="0.000000" m_d="1.200000" m_tx="0.000000" m_ty="0.000000"/>
  </frame>
  <frame idx="725" w="79" h="99" x="6.400002" y="-12.799999">
   <element name="symbol0" layername="soultide_moonsoul_blue" frame="1" z_index="6" m_a="1.200000" m_b="0.000000" m_c="0.000000" m_d="1.200000" m_tx="0.000000" m_ty="0.000000"/>
  </frame>
  <frame idx="750" w="79" h="99" x="6.400002" y="-12.799999">
   <element name="symbol0" layername="soultide_moonsoul_blue" frame="1" z_index="6" m_a="1.200000" m_b="0.000000" m_c="0.000000" m_d="1.200000" m_tx="0.000000" m_ty="0.000000"/>
  </frame>
  <frame idx="775" w="79" h="99" x="6.400002" y="-12.799999">
   <element name="symbol0" layername="soultide_moonsoul_blue" frame="1" z_index="6" m_a="1.200000" m_b="0.000000" m_c="0.000000" m_d="1.200000" m_tx="0.000000" m_ty="0.000000"/>
  </frame>
  <frame idx="800" w="79" h="99" x="6.400002" y="-12.799999">
   <element name="symbol0" layername="soultide_moonsoul_blue" frame="1" z_index="6" m_a="1.200000" m_b="0.000000" m_c="0.000000" m_d="1.200000" m_tx="0.000000" m_ty="0.000000"/>
  </frame>
  <frame idx="825" w="79" h="99" x="6.400002" y="-12.799999">
   <element name="symbol0" layername="soultide_moonsoul_blue" frame="1" z_index="6" m_a="1.200000" m_b="0.000000" m_c="0.000000" m_d="1.200000" m_tx="0.000000" m_ty="0.000000"/>
  </frame>
  <frame idx="850" w="79" h="99" x="6.400002" y="-12.799999">
   <element name="symbol0" layername="soultide_moonsoul_blue" frame="1" z_index="6" m_a="1.200000" m_b="0.000000" m_c="0.000000" m_d="1.200000" m_tx="0.000000" m_ty="0.000000"/>
  </frame>
  <frame idx="875" w="79" h="99" x="6.400002" y="-12.799999">
   <element name="symbol0" layername="soultide_moonsoul_blue" frame="1" z_index="6" m_a="1.200000" m_b="0.000000" m_c="0.000000" m_d="1.200000" m_tx="0.000000" m_ty="0.000000"/>
  </frame>
  <frame idx="900" w="79" h="99" x="6.400002" y="-12.799999">
   <element name="symbol0" layername="soultide_moonsoul_blue" frame="1" z_index="6" m_a="1.200000" m_b="0.000000" m_c="0.000000" m_d="1.200000" m_tx="0.000000" m_ty="0.000000"/>
  </frame>
  <frame idx="925" w="79" h="99" x="6.400002" y="-12.799999">
   <element name="symbol0" layername="soultide_moonsoul_blue" frame="1" z_index="6" m_a="1.200000" m_b="0.000000" m_c="0.000000" m_d="1.200000" m_tx="0.000000" m_ty="0.000000"/>
  </frame>
  <frame idx="950" w="79" h="99" x="6.400002" y="-12.799999">
   <element name="symbol0" layername="soultide_moonsoul_blue" frame="1" z_index="6" m_a="1.200000" m_b="0.000000" m_c="0.000000" m_d="1.200000" m_tx="0.000000" m_ty="0.000000"/>
  </frame>
  <frame idx="975" w="79" h="99" x="6.400002" y="-12.799999">
   <element name="symbol0" layername="soultide_moonsoul_blue" frame="1" z_index="6" m_a="1.200000" m_b="0.000000" m_c="0.000000" m_d="1.200000" m_tx="0.000000" m_ty="0.000000"/>
  </frame>
 </anim>
 <anim name="soultide_core_season" root="soultide_upnecessity" numframes="1000" framerate="40">
  <frame idx="0" w="79" h="99" x="6.400002" y="-12.799999">
   <element name="symbol0" layername="soultide_core_season" frame="2" z_index="6" m_a="1.200000" m_b="0.000000" m_c="0.000000" m_d="1.200000" m_tx="0.000000" m_ty="0.000000"/>
  </frame>
  <frame idx="25" w="81" h="105" x="8.105072" y="-14.584385">
   <element name="symbol0" layername="soultide_core_season" frame="2" z_index="6" m_a="1.198761" m_b="-0.054523" m_c="0.054523" m_d="1.198761" m_tx="0.000000" m_ty="0.000000"/>
  </frame>
  <frame idx="50" w="82" h="110" x="9.473457" y="-16.141872">
   <element name="symbol0" layername="soultide_core_season" frame="2" z_index="6" m_a="1.195806" m_b="-0.100239" m_c="0.100239" m_d="1.195806" m_tx="0.000000" m_ty="0.000000"/>
  </frame>
  <frame idx="75" w="80" h="104" x="7.837738" y="-14.293705">
   <element name="symbol0" layername="soultide_core_season" frame="2" z_index="6" m_a="1.199126" m_b="-0.045804" m_c="0.045804" m_d="1.199126" m_tx="0.000000" m_ty="0.000000"/>
  </frame>
  <frame idx="100" w="80" h="99" x="6.136280" y="-12.538074">
   <element name="symbol0" layername="soultide_core_season" frame="2" z_index="6" m_a="1.199972" m_b="0.008213" m_c="-0.008213" m_d="1.199972" m_tx="0.000000" m_ty="0.000000"/>
  </frame>
  <frame idx="125" w="85" h="102" x="4.448025" y="-10.942562">
   <element name="symbol0" layername="soultide_core_season" frame="2" z_index="6" m_a="1.198523" m_b="0.059522" m_c="-0.059522" m_d="1.198523" m_tx="0.000000" m_ty="0.000000"/>
  </frame>
  <frame idx="150" w="88" h="103" x="3.133476" y="-9.790356">
   <element name="symbol0" layername="soultide_core_season" frame="2" z_index="6" m_a="1.195986" m_b="0.098065" m_c="-0.098065" m_d="1.195986" m_tx="0.000000" m_ty="0.000000"/>
  </frame>
  <frame idx="175" w="83" h="101" x="4.978664" y="-11.429424">
   <element name="symbol0" layername="soultide_core_season" frame="2" z_index="6" m_a="1.199207" m_b="0.043624" m_c="-0.043624" m_d="1.199207" m_tx="0.000000" m_ty="0.000000"/>
  </frame>
  <frame idx="200" w="79" h="99" x="6.400002" y="-12.799999">
   <element name="symbol0" layername="soultide_core_season" frame="2" z_index="6" m_a="1.200000" m_b="0.000000" m_c="0.000000" m_d="1.200000" m_tx="0.000000" m_ty="0.000000"/>
  </frame>
  <frame idx="225" w="79" h="99" x="6.400002" y="-12.799999">
   <element name="symbol0" layername="soultide_core_season" frame="2" z_index="6" m_a="1.200000" m_b="0.000000" m_c="0.000000" m_d="1.200000" m_tx="0.000000" m_ty="0.000000"/>
  </frame>
  <frame idx="250" w="79" h="99" x="6.400002" y="-12.799999">
   <element name="symbol0" layername="soultide_core_season" frame="2" z_index="6" m_a="1.200000" m_b="0.000000" m_c="0.000000" m_d="1.200000" m_tx="0.000000" m_ty="0.000000"/>
  </frame>
  <frame idx="275" w="79" h="99" x="6.400002" y="-12.799999">
   <element name="symbol0" layername="soultide_core_season" frame="2" z_index="6" m_a="1.200000" m_b="0.000000" m_c="0.000000" m_d="1.200000" m_tx="0.000000" m_ty="0.000000"/>
  </frame>
  <frame idx="300" w="79" h="99" x="6.400002" y="-12.799999">
   <element name="symbol0" layername="soultide_core_season" frame="2" z_index="6" m_a="1.200000" m_b="0.000000" m_c="0.000000" m_d="1.200000" m_tx="0.000000" m_ty="0.000000"/>
  </frame>
  <frame idx="325" w="79" h="99" x="6.400002" y="-12.799999">
   <element name="symbol0" layername="soultide_core_season" frame="2" z_index="6" m_a="1.200000" m_b="0.000000" m_c="0.000000" m_d="1.200000" m_tx="0.000000" m_ty="0.000000"/>
  </frame>
  <frame idx="350" w="79" h="99" x="6.400002" y="-12.799999">
   <element name="symbol0" layername="soultide_core_season" frame="2" z_index="6" m_a="1.200000" m_b="0.000000" m_c="0.000000" m_d="1.200000" m_tx="0.000000" m_ty="0.000000"/>
  </frame>
  <frame idx="375" w="79" h="99" x="6.400002" y="-12.799999">
   <element name="symbol0" layername="soultide_core_season" frame="2" z_index="6" m_a="1.200000" m_b="0.000000" m_c="0.000000" m_d="1.200000" m_tx="0.000000" m_ty="0.000000"/>
  </frame>
  <frame idx="400" w="79" h="99" x="6.400002" y="-12.799999">
   <element name="symbol0" layername="soultide_core_season" frame="2" z_index="6" m_a="1.200000" m_b="0.000000" m_c="0.000000" m_d="1.200000" m_tx="0.000000" m_ty="0.000000"/>
  </frame>
  <frame idx="425" w="79" h="99" x="6.400002" y="-12.799999">
   <element name="symbol0" layername="soultide_core_season" frame="2" z_index="6" m_a="1.200000" m_b="0.000000" m_c="0.000000" m_d="1.200000" m_tx="0.000000" m_ty="0.000000"/>
  </frame>
  <frame idx="450" w="79" h="99" x="6.400002" y="-12.799999">
   <element name="symbol0" layername="soultide_core_season" frame="2" z_index="6" m_a="1.200000" m_b="0.000000" m_c="0.000000" m_d="1.200000" m_tx="0.000000" m_ty="0.000000"/>
  </frame>
  <frame idx="475" w="79" h="99" x="6.400002" y="-12.799999">
   <element name="symbol0" layername="soultide_core_season" frame="2" z_index="6" m_a="1.200000" m_b="0.000000" m_c="0.000000" m_d="1.200000" m_tx="0.000000" m_ty="0.000000"/>
  </frame>
  <frame idx="500" w="79" h="99" x="6.400002" y="-12.799999">
   <element name="symbol0" layername="soultide_core_season" frame="2" z_index="6" m_a="1.200000" m_b="0.000000" m_c="0.000000" m_d="1.200000" m_tx="0.000000" m_ty="0.000000"/>
  </frame>
  <frame idx="525" w="79" h="99" x="6.400002" y="-12.799999">
   <element name="symbol0" layername="soultide_core_season" frame="2" z_index="6" m_a="1.200000" m_b="0.000000" m_c="0.000000" m_d="1.200000" m_tx="0.000000" m_ty="0.000000"/>
  </frame>
  <frame idx="550" w="79" h="99" x="6.400002" y="-12.799999">
   <element name="symbol0" layername="soultide_core_season" frame="2" z_index="6" m_a="1.200000" m_b="0.000000" m_c="0.000000" m_d="1.200000" m_tx="0.000000" m_ty="0.000000"/>
  </frame>
  <frame idx="575" w="79" h="99" x="6.400002" y="-12.799999">
   <element name="symbol0" layername="soultide_core_season" frame="2" z_index="6" m_a="1.200000" m_b="0.000000" m_c="0.000000" m_d="1.200000" m_tx="0.000000" m_ty="0.000000"/>
  </frame>
  <frame idx="600" w="79" h="99" x="6.400002" y="-12.799999">
   <element name="symbol0" layername="soultide_core_season" frame="2" z_index="6" m_a="1.200000" m_b="0.000000" m_c="0.000000" m_d="1.200000" m_tx="0.000000" m_ty="0.000000"/>
  </frame>
  <frame idx="625" w="79" h="99" x="6.400002" y="-12.799999">
   <element name="symbol0" layername="soultide_core_season" frame="2" z_index="6" m_a="1.200000" m_b="0.000000" m_c="0.000000" m_d="1.200000" m_tx="0.000000" m_ty="0.000000"/>
  </frame>
  <frame idx="650" w="79" h="99" x="6.400002" y="-12.799999">
   <element name="symbol0" layername="soultide_core_season" frame="2" z_index="6" m_a="1.200000" m_b="0.000000" m_c="0.000000" m_d="1.200000" m_tx="0.000000" m_ty="0.000000"/>
  </frame>
  <frame idx="675" w="79" h="99" x="6.400002" y="-12.799999">
   <element name="symbol0" layername="soultide_core_season" frame="2" z_index="6" m_a="1.200000" m_b="0.000000" m_c="0.000000" m_d="1.200000" m_tx="0.000000" m_ty="0.000000"/>
  </frame>
  <frame idx="700" w="79" h="99" x="6.400002" y="-12.799999">
   <element name="symbol0" layername="soultide_core_season" frame="2" z_index="6" m_a="1.200000" m_b="0.000000" m_c="0.000000" m_d="1.200000" m_tx="0.000000" m_ty="0.000000"/>
  </frame>
  <frame idx="725" w="79" h="99" x="6.400002" y="-12.799999">
   <element name="symbol0" layername="soultide_core_season" frame="2" z_index="6" m_a="1.200000" m_b="0.000000" m_c="0.000000" m_d="1.200000" m_tx="0.000000" m_ty="0.000000"/>
  </frame>
  <frame idx="750" w="79" h="99" x="6.400002" y="-12.799999">
   <element name="symbol0" layername="soultide_core_season" frame="2" z_index="6" m_a="1.200000" m_b="0.000000" m_c="0.000000" m_d="1.200000" m_tx="0.000000" m_ty="0.000000"/>
  </frame>
  <frame idx="775" w="79" h="99" x="6.400002" y="-12.799999">
   <element name="symbol0" layername="soultide_core_season" frame="2" z_index="6" m_a="1.200000" m_b="0.000000" m_c="0.000000" m_d="1.200000" m_tx="0.000000" m_ty="0.000000"/>
  </frame>
  <frame idx="800" w="79" h="99" x="6.400002" y="-12.799999">
   <element name="symbol0" layername="soultide_core_season" frame="2" z_index="6" m_a="1.200000" m_b="0.000000" m_c="0.000000" m_d="1.200000" m_tx="0.000000" m_ty="0.000000"/>
  </frame>
  <frame idx="825" w="79" h="99" x="6.400002" y="-12.799999">
   <element name="symbol0" layername="soultide_core_season" frame="2" z_index="6" m_a="1.200000" m_b="0.000000" m_c="0.000000" m_d="1.200000" m_tx="0.000000" m_ty="0.000000"/>
  </frame>
  <frame idx="850" w="79" h="99" x="6.400002" y="-12.799999">
   <element name="symbol0" layername="soultide_core_season" frame="2" z_index="6" m_a="1.200000" m_b="0.000000" m_c="0.000000" m_d="1.200000" m_tx="0.000000" m_ty="0.000000"/>
  </frame>
  <frame idx="875" w="79" h="99" x="6.400002" y="-12.799999">
   <element name="symbol0" layername="soultide_core_season" frame="2" z_index="6" m_a="1.200000" m_b="0.000000" m_c="0.000000" m_d="1.200000" m_tx="0.000000" m_ty="0.000000"/>
  </frame>
  <frame idx="900" w="79" h="99" x="6.400002" y="-12.799999">
   <element name="symbol0" layername="soultide_core_season" frame="2" z_index="6" m_a="1.200000" m_b="0.000000" m_c="0.000000" m_d="1.200000" m_tx="0.000000" m_ty="0.000000"/>
  </frame>
  <frame idx="925" w="79" h="99" x="6.400002" y="-12.799999">
   <element name="symbol0" layername="soultide_core_season" frame="2" z_index="6" m_a="1.200000" m_b="0.000000" m_c="0.000000" m_d="1.200000" m_tx="0.000000" m_ty="0.000000"/>
  </frame>
  <frame idx="950" w="79" h="99" x="6.400002" y="-12.799999">
   <element name="symbol0" layername="soultide_core_season" frame="2" z_index="6" m_a="1.200000" m_b="0.000000" m_c="0.000000" m_d="1.200000" m_tx="0.000000" m_ty="0.000000"/>
  </frame>
  <frame idx="975" w="79" h="99" x="6.400002" y="-12.799999">
   <element name="symbol0" layername="soultide_core_season" frame="2" z_index="6" m_a="1.200000" m_b="0.000000" m_c="0.000000" m_d="1.200000" m_tx="0.000000" m_ty="0.000000"/>
  </frame>
 </anim>
 <anim name="soultide_core_blue" root="soultide_upnecessity" numframes="1000" framerate="40">
  <frame idx="0" w="79" h="99" x="6.400002" y="-12.799999">
   <element name="symbol0" layername="soultide_core_blue" frame="5" z_index="6" m_a="1.200000" m_b="0.000000" m_c="0.000000" m_d="1.200000" m_tx="0.000000" m_ty="0.000000"/>
  </frame>
  <frame idx="25" w="79" h="99" x="6.400002" y="-12.799999">
   <element name="symbol0" layername="soultide_core_blue" frame="5" z_index="6" m_a="1.200000" m_b="0.000000" m_c="0.000000" m_d="1.200000" m_tx="0.000000" m_ty="0.000000"/>
  </frame>
  <frame idx="50" w="79" h="99" x="6.400002" y="-12.799999">
   <element name="symbol0" layername="soultide_core_blue" frame="5" z_index="6" m_a="1.200000" m_b="0.000000" m_c="0.000000" m_d="1.200000" m_tx="0.000000" m_ty="0.000000"/>
  </frame>
  <frame idx="75" w="79" h="99" x="6.400002" y="-12.799999">
   <element name="symbol0" layername="soultide_core_blue" frame="5" z_index="6" m_a="1.200000" m_b="0.000000" m_c="0.000000" m_d="1.200000" m_tx="0.000000" m_ty="0.000000"/>
  </frame>
  <frame idx="100" w="79" h="99" x="6.400002" y="-12.799999">
   <element name="symbol0" layername="soultide_core_blue" frame="5" z_index="6" m_a="1.200000" m_b="0.000000" m_c="0.000000" m_d="1.200000" m_tx="0.000000" m_ty="0.000000"/>
  </frame>
  <frame idx="125" w="79" h="99" x="6.400002" y="-12.799999">
   <element name="symbol0" layername="soultide_core_blue" frame="5" z_index="6" m_a="1.200000" m_b="0.000000" m_c="0.000000" m_d="1.200000" m_tx="0.000000" m_ty="0.000000"/>
  </frame>
  <frame idx="150" w="79" h="99" x="6.400002" y="-12.799999">
   <element name="symbol0" layername="soultide_core_blue" frame="5" z_index="6" m_a="1.200000" m_b="0.000000" m_c="0.000000" m_d="1.200000" m_tx="0.000000" m_ty="0.000000"/>
  </frame>
  <frame idx="175" w="79" h="99" x="6.400002" y="-12.799999">
   <element name="symbol0" layername="soultide_core_blue" frame="5" z_index="6" m_a="1.200000" m_b="0.000000" m_c="0.000000" m_d="1.200000" m_tx="0.000000" m_ty="0.000000"/>
  </frame>
  <frame idx="200" w="79" h="99" x="6.400002" y="-12.799999">
   <element name="symbol0" layername="soultide_core_blue" frame="5" z_index="6" m_a="1.200000" m_b="0.000000" m_c="0.000000" m_d="1.200000" m_tx="0.000000" m_ty="0.000000"/>
  </frame>
  <frame idx="225" w="79" h="99" x="6.400002" y="-12.799999">
   <element name="symbol0" layername="soultide_core_blue" frame="5" z_index="6" m_a="1.200000" m_b="0.000000" m_c="0.000000" m_d="1.200000" m_tx="0.000000" m_ty="0.000000"/>
  </frame>
  <frame idx="250" w="79" h="99" x="6.400002" y="-12.799999">
   <element name="symbol0" layername="soultide_core_blue" frame="5" z_index="6" m_a="1.200000" m_b="0.000000" m_c="0.000000" m_d="1.200000" m_tx="0.000000" m_ty="0.000000"/>
  </frame>
  <frame idx="275" w="79" h="99" x="6.400002" y="-12.799999">
   <element name="symbol0" layername="soultide_core_blue" frame="5" z_index="6" m_a="1.200000" m_b="0.000000" m_c="0.000000" m_d="1.200000" m_tx="0.000000" m_ty="0.000000"/>
  </frame>
  <frame idx="300" w="79" h="99" x="6.400002" y="-12.799999">
   <element name="symbol0" layername="soultide_core_blue" frame="5" z_index="6" m_a="1.200000" m_b="0.000000" m_c="0.000000" m_d="1.200000" m_tx="0.000000" m_ty="0.000000"/>
  </frame>
  <frame idx="325" w="79" h="99" x="6.400002" y="-12.799999">
   <element name="symbol0" layername="soultide_core_blue" frame="5" z_index="6" m_a="1.200000" m_b="0.000000" m_c="0.000000" m_d="1.200000" m_tx="0.000000" m_ty="0.000000"/>
  </frame>
  <frame idx="350" w="79" h="99" x="6.400002" y="-12.799999">
   <element name="symbol0" layername="soultide_core_blue" frame="5" z_index="6" m_a="1.200000" m_b="0.000000" m_c="0.000000" m_d="1.200000" m_tx="0.000000" m_ty="0.000000"/>
  </frame>
  <frame idx="375" w="79" h="99" x="6.400002" y="-12.799999">
   <element name="symbol0" layername="soultide_core_blue" frame="5" z_index="6" m_a="1.200000" m_b="0.000000" m_c="0.000000" m_d="1.200000" m_tx="0.000000" m_ty="0.000000"/>
  </frame>
  <frame idx="400" w="79" h="99" x="6.400002" y="-12.799999">
   <element name="symbol0" layername="soultide_core_blue" frame="5" z_index="6" m_a="1.200000" m_b="0.000000" m_c="0.000000" m_d="1.200000" m_tx="0.000000" m_ty="0.000000"/>
  </frame>
  <frame idx="425" w="79" h="99" x="6.400002" y="-12.799999">
   <element name="symbol0" layername="soultide_core_blue" frame="5" z_index="6" m_a="1.200000" m_b="0.000000" m_c="0.000000" m_d="1.200000" m_tx="0.000000" m_ty="0.000000"/>
  </frame>
  <frame idx="450" w="79" h="99" x="6.400002" y="-12.799999">
   <element name="symbol0" layername="soultide_core_blue" frame="5" z_index="6" m_a="1.200000" m_b="0.000000" m_c="0.000000" m_d="1.200000" m_tx="0.000000" m_ty="0.000000"/>
  </frame>
  <frame idx="475" w="79" h="99" x="6.400002" y="-12.799999">
   <element name="symbol0" layername="soultide_core_blue" frame="5" z_index="6" m_a="1.200000" m_b="0.000000" m_c="0.000000" m_d="1.200000" m_tx="0.000000" m_ty="0.000000"/>
  </frame>
  <frame idx="500" w="79" h="99" x="6.400002" y="-12.799999">
   <element name="symbol0" layername="soultide_core_blue" frame="5" z_index="6" m_a="1.200000" m_b="0.000000" m_c="0.000000" m_d="1.200000" m_tx="0.000000" m_ty="0.000000"/>
  </frame>
  <frame idx="525" w="79" h="99" x="6.400002" y="-12.799999">
   <element name="symbol0" layername="soultide_core_blue" frame="5" z_index="6" m_a="1.200000" m_b="0.000000" m_c="0.000000" m_d="1.200000" m_tx="0.000000" m_ty="0.000000"/>
  </frame>
  <frame idx="550" w="79" h="99" x="6.400002" y="-12.799999">
   <element name="symbol0" layername="soultide_core_blue" frame="5" z_index="6" m_a="1.200000" m_b="0.000000" m_c="0.000000" m_d="1.200000" m_tx="0.000000" m_ty="0.000000"/>
  </frame>
  <frame idx="575" w="79" h="99" x="6.400002" y="-12.799999">
   <element name="symbol0" layername="soultide_core_blue" frame="5" z_index="6" m_a="1.200000" m_b="0.000000" m_c="0.000000" m_d="1.200000" m_tx="0.000000" m_ty="0.000000"/>
  </frame>
  <frame idx="600" w="79" h="99" x="6.400002" y="-12.799999">
   <element name="symbol0" layername="soultide_core_blue" frame="5" z_index="6" m_a="1.200000" m_b="0.000000" m_c="0.000000" m_d="1.200000" m_tx="0.000000" m_ty="0.000000"/>
  </frame>
  <frame idx="625" w="79" h="99" x="6.400002" y="-12.799999">
   <element name="symbol0" layername="soultide_core_blue" frame="5" z_index="6" m_a="1.200000" m_b="0.000000" m_c="0.000000" m_d="1.200000" m_tx="0.000000" m_ty="0.000000"/>
  </frame>
  <frame idx="650" w="79" h="99" x="6.400002" y="-12.799999">
   <element name="symbol0" layername="soultide_core_blue" frame="5" z_index="6" m_a="1.200000" m_b="0.000000" m_c="0.000000" m_d="1.200000" m_tx="0.000000" m_ty="0.000000"/>
  </frame>
  <frame idx="675" w="79" h="99" x="6.400002" y="-12.799999">
   <element name="symbol0" layername="soultide_core_blue" frame="5" z_index="6" m_a="1.200000" m_b="0.000000" m_c="0.000000" m_d="1.200000" m_tx="0.000000" m_ty="0.000000"/>
  </frame>
  <frame idx="700" w="79" h="99" x="6.400002" y="-12.799999">
   <element name="symbol0" layername="soultide_core_blue" frame="5" z_index="6" m_a="1.200000" m_b="0.000000" m_c="0.000000" m_d="1.200000" m_tx="0.000000" m_ty="0.000000"/>
  </frame>
  <frame idx="725" w="79" h="99" x="6.400002" y="-12.799999">
   <element name="symbol0" layername="soultide_core_blue" frame="5" z_index="6" m_a="1.200000" m_b="0.000000" m_c="0.000000" m_d="1.200000" m_tx="0.000000" m_ty="0.000000"/>
  </frame>
  <frame idx="750" w="79" h="99" x="6.400002" y="-12.799999">
   <element name="symbol0" layername="soultide_core_blue" frame="5" z_index="6" m_a="1.200000" m_b="0.000000" m_c="0.000000" m_d="1.200000" m_tx="0.000000" m_ty="0.000000"/>
  </frame>
  <frame idx="775" w="79" h="99" x="6.400002" y="-12.799999">
   <element name="symbol0" layername="soultide_core_blue" frame="5" z_index="6" m_a="1.200000" m_b="0.000000" m_c="0.000000" m_d="1.200000" m_tx="0.000000" m_ty="0.000000"/>
  </frame>
  <frame idx="800" w="79" h="99" x="6.400002" y="-12.799999">
   <element name="symbol0" layername="soultide_core_blue" frame="5" z_index="6" m_a="1.200000" m_b="0.000000" m_c="0.000000" m_d="1.200000" m_tx="0.000000" m_ty="0.000000"/>
  </frame>
  <frame idx="825" w="79" h="99" x="6.400002" y="-12.799999">
   <element name="symbol0" layername="soultide_core_blue" frame="5" z_index="6" m_a="1.200000" m_b="0.000000" m_c="0.000000" m_d="1.200000" m_tx="0.000000" m_ty="0.000000"/>
  </frame>
  <frame idx="850" w="79" h="99" x="6.400002" y="-12.799999">
   <element name="symbol0" layername="soultide_core_blue" frame="5" z_index="6" m_a="1.200000" m_b="0.000000" m_c="0.000000" m_d="1.200000" m_tx="0.000000" m_ty="0.000000"/>
  </frame>
  <frame idx="875" w="79" h="99" x="6.400002" y="-12.799999">
   <element name="symbol0" layername="soultide_core_blue" frame="5" z_index="6" m_a="1.200000" m_b="0.000000" m_c="0.000000" m_d="1.200000" m_tx="0.000000" m_ty="0.000000"/>
  </frame>
  <frame idx="900" w="79" h="99" x="6.400002" y="-12.799999">
   <element name="symbol0" layername="soultide_core_blue" frame="5" z_index="6" m_a="1.200000" m_b="0.000000" m_c="0.000000" m_d="1.200000" m_tx="0.000000" m_ty="0.000000"/>
  </frame>
  <frame idx="925" w="79" h="99" x="6.400002" y="-12.799999">
   <element name="symbol0" layername="soultide_core_blue" frame="5" z_index="6" m_a="1.200000" m_b="0.000000" m_c="0.000000" m_d="1.200000" m_tx="0.000000" m_ty="0.000000"/>
  </frame>
  <frame idx="950" w="79" h="99" x="6.400002" y="-12.799999">
   <element name="symbol0" layername="soultide_core_blue" frame="5" z_index="6" m_a="1.200000" m_b="0.000000" m_c="0.000000" m_d="1.200000" m_tx="0.000000" m_ty="0.000000"/>
  </frame>
  <frame idx="975" w="79" h="99" x="6.400002" y="-12.799999">
   <element name="symbol0" layername="soultide_core_blue" frame="5" z_index="6" m_a="1.200000" m_b="0.000000" m_c="0.000000" m_d="1.200000" m_tx="0.000000" m_ty="0.000000"/>
  </frame>
 </anim>
 <anim name="soultide_core_purple" root="soultide_upnecessity" numframes="1000" framerate="40">
  <frame idx="0" w="79" h="99" x="6.400002" y="-12.799999">
   <element name="symbol0" layername="soultide_core_purple" frame="3" z_index="6" m_a="1.200000" m_b="0.000000" m_c="0.000000" m_d="1.200000" m_tx="0.000000" m_ty="0.000000"/>
  </frame>
  <frame idx="25" w="79" h="99" x="6.400002" y="-12.799999">
   <element name="symbol0" layername="soultide_core_purple" frame="3" z_index="6" m_a="1.200000" m_b="0.000000" m_c="0.000000" m_d="1.200000" m_tx="0.000000" m_ty="0.000000"/>
  </frame>
  <frame idx="50" w="79" h="99" x="6.400002" y="-12.799999">
   <element name="symbol0" layername="soultide_core_purple" frame="3" z_index="6" m_a="1.200000" m_b="0.000000" m_c="0.000000" m_d="1.200000" m_tx="0.000000" m_ty="0.000000"/>
  </frame>
  <frame idx="75" w="79" h="99" x="6.400002" y="-12.799999">
   <element name="symbol0" layername="soultide_core_purple" frame="3" z_index="6" m_a="1.200000" m_b="0.000000" m_c="0.000000" m_d="1.200000" m_tx="0.000000" m_ty="0.000000"/>
  </frame>
  <frame idx="100" w="79" h="99" x="6.400002" y="-12.799999">
   <element name="symbol0" layername="soultide_core_purple" frame="3" z_index="6" m_a="1.200000" m_b="0.000000" m_c="0.000000" m_d="1.200000" m_tx="0.000000" m_ty="0.000000"/>
  </frame>
  <frame idx="125" w="79" h="99" x="6.400002" y="-12.799999">
   <element name="symbol0" layername="soultide_core_purple" frame="3" z_index="6" m_a="1.200000" m_b="0.000000" m_c="0.000000" m_d="1.200000" m_tx="0.000000" m_ty="0.000000"/>
  </frame>
  <frame idx="150" w="79" h="99" x="6.400002" y="-12.799999">
   <element name="symbol0" layername="soultide_core_purple" frame="3" z_index="6" m_a="1.200000" m_b="0.000000" m_c="0.000000" m_d="1.200000" m_tx="0.000000" m_ty="0.000000"/>
  </frame>
  <frame idx="175" w="79" h="99" x="6.400002" y="-12.799999">
   <element name="symbol0" layername="soultide_core_purple" frame="3" z_index="6" m_a="1.200000" m_b="0.000000" m_c="0.000000" m_d="1.200000" m_tx="0.000000" m_ty="0.000000"/>
  </frame>
  <frame idx="200" w="79" h="99" x="6.400002" y="-12.799999">
   <element name="symbol0" layername="soultide_core_purple" frame="3" z_index="6" m_a="1.200000" m_b="0.000000" m_c="0.000000" m_d="1.200000" m_tx="0.000000" m_ty="0.000000"/>
  </frame>
  <frame idx="225" w="79" h="99" x="6.400002" y="-12.799999">
   <element name="symbol0" layername="soultide_core_purple" frame="3" z_index="6" m_a="1.200000" m_b="0.000000" m_c="0.000000" m_d="1.200000" m_tx="0.000000" m_ty="0.000000"/>
  </frame>
  <frame idx="250" w="79" h="99" x="6.400002" y="-12.799999">
   <element name="symbol0" layername="soultide_core_purple" frame="3" z_index="6" m_a="1.200000" m_b="0.000000" m_c="0.000000" m_d="1.200000" m_tx="0.000000" m_ty="0.000000"/>
  </frame>
  <frame idx="275" w="79" h="99" x="6.400002" y="-12.799999">
   <element name="symbol0" layername="soultide_core_purple" frame="3" z_index="6" m_a="1.200000" m_b="0.000000" m_c="0.000000" m_d="1.200000" m_tx="0.000000" m_ty="0.000000"/>
  </frame>
  <frame idx="300" w="79" h="99" x="6.400002" y="-12.799999">
   <element name="symbol0" layername="soultide_core_purple" frame="3" z_index="6" m_a="1.200000" m_b="0.000000" m_c="0.000000" m_d="1.200000" m_tx="0.000000" m_ty="0.000000"/>
  </frame>
  <frame idx="325" w="79" h="99" x="6.400002" y="-12.799999">
   <element name="symbol0" layername="soultide_core_purple" frame="3" z_index="6" m_a="1.200000" m_b="0.000000" m_c="0.000000" m_d="1.200000" m_tx="0.000000" m_ty="0.000000"/>
  </frame>
  <frame idx="350" w="79" h="99" x="6.400002" y="-12.799999">
   <element name="symbol0" layername="soultide_core_purple" frame="3" z_index="6" m_a="1.200000" m_b="0.000000" m_c="0.000000" m_d="1.200000" m_tx="0.000000" m_ty="0.000000"/>
  </frame>
  <frame idx="375" w="79" h="99" x="6.400002" y="-12.799999">
   <element name="symbol0" layername="soultide_core_purple" frame="3" z_index="6" m_a="1.200000" m_b="0.000000" m_c="0.000000" m_d="1.200000" m_tx="0.000000" m_ty="0.000000"/>
  </frame>
  <frame idx="400" w="79" h="99" x="6.400002" y="-12.799999">
   <element name="symbol0" layername="soultide_core_purple" frame="3" z_index="6" m_a="1.200000" m_b="0.000000" m_c="0.000000" m_d="1.200000" m_tx="0.000000" m_ty="0.000000"/>
  </frame>
  <frame idx="425" w="79" h="99" x="6.400002" y="-12.799999">
   <element name="symbol0" layername="soultide_core_purple" frame="3" z_index="6" m_a="1.200000" m_b="0.000000" m_c="0.000000" m_d="1.200000" m_tx="0.000000" m_ty="0.000000"/>
  </frame>
  <frame idx="450" w="79" h="99" x="6.400002" y="-12.799999">
   <element name="symbol0" layername="soultide_core_purple" frame="3" z_index="6" m_a="1.200000" m_b="0.000000" m_c="0.000000" m_d="1.200000" m_tx="0.000000" m_ty="0.000000"/>
  </frame>
  <frame idx="475" w="79" h="99" x="6.400002" y="-12.799999">
   <element name="symbol0" layername="soultide_core_purple" frame="3" z_index="6" m_a="1.200000" m_b="0.000000" m_c="0.000000" m_d="1.200000" m_tx="0.000000" m_ty="0.000000"/>
  </frame>
  <frame idx="500" w="79" h="99" x="6.400002" y="-12.799999">
   <element name="symbol0" layername="soultide_core_purple" frame="3" z_index="6" m_a="1.200000" m_b="0.000000" m_c="0.000000" m_d="1.200000" m_tx="0.000000" m_ty="0.000000"/>
  </frame>
  <frame idx="525" w="79" h="99" x="6.400002" y="-12.799999">
   <element name="symbol0" layername="soultide_core_purple" frame="3" z_index="6" m_a="1.200000" m_b="0.000000" m_c="0.000000" m_d="1.200000" m_tx="0.000000" m_ty="0.000000"/>
  </frame>
  <frame idx="550" w="79" h="99" x="6.400002" y="-12.799999">
   <element name="symbol0" layername="soultide_core_purple" frame="3" z_index="6" m_a="1.200000" m_b="0.000000" m_c="0.000000" m_d="1.200000" m_tx="0.000000" m_ty="0.000000"/>
  </frame>
  <frame idx="575" w="79" h="99" x="6.400002" y="-12.799999">
   <element name="symbol0" layername="soultide_core_purple" frame="3" z_index="6" m_a="1.200000" m_b="0.000000" m_c="0.000000" m_d="1.200000" m_tx="0.000000" m_ty="0.000000"/>
  </frame>
  <frame idx="600" w="79" h="99" x="6.400002" y="-12.799999">
   <element name="symbol0" layername="soultide_core_purple" frame="3" z_index="6" m_a="1.200000" m_b="0.000000" m_c="0.000000" m_d="1.200000" m_tx="0.000000" m_ty="0.000000"/>
  </frame>
  <frame idx="625" w="79" h="99" x="6.400002" y="-12.799999">
   <element name="symbol0" layername="soultide_core_purple" frame="3" z_index="6" m_a="1.200000" m_b="0.000000" m_c="0.000000" m_d="1.200000" m_tx="0.000000" m_ty="0.000000"/>
  </frame>
  <frame idx="650" w="79" h="99" x="6.400002" y="-12.799999">
   <element name="symbol0" layername="soultide_core_purple" frame="3" z_index="6" m_a="1.200000" m_b="0.000000" m_c="0.000000" m_d="1.200000" m_tx="0.000000" m_ty="0.000000"/>
  </frame>
  <frame idx="675" w="79" h="99" x="6.400002" y="-12.799999">
   <element name="symbol0" layername="soultide_core_purple" frame="3" z_index="6" m_a="1.200000" m_b="0.000000" m_c="0.000000" m_d="1.200000" m_tx="0.000000" m_ty="0.000000"/>
  </frame>
  <frame idx="700" w="79" h="99" x="6.400002" y="-12.799999">
   <element name="symbol0" layername="soultide_core_purple" frame="3" z_index="6" m_a="1.200000" m_b="0.000000" m_c="0.000000" m_d="1.200000" m_tx="0.000000" m_ty="0.000000"/>
  </frame>
  <frame idx="725" w="79" h="99" x="6.400002" y="-12.799999">
   <element name="symbol0" layername="soultide_core_purple" frame="3" z_index="6" m_a="1.200000" m_b="0.000000" m_c="0.000000" m_d="1.200000" m_tx="0.000000" m_ty="0.000000"/>
  </frame>
  <frame idx="750" w="79" h="99" x="6.400002" y="-12.799999">
   <element name="symbol0" layername="soultide_core_purple" frame="3" z_index="6" m_a="1.200000" m_b="0.000000" m_c="0.000000" m_d="1.200000" m_tx="0.000000" m_ty="0.000000"/>
  </frame>
  <frame idx="775" w="79" h="99" x="6.400002" y="-12.799999">
   <element name="symbol0" layername="soultide_core_purple" frame="3" z_index="6" m_a="1.200000" m_b="0.000000" m_c="0.000000" m_d="1.200000" m_tx="0.000000" m_ty="0.000000"/>
  </frame>
  <frame idx="800" w="79" h="99" x="6.400002" y="-12.799999">
   <element name="symbol0" layername="soultide_core_purple" frame="3" z_index="6" m_a="1.200000" m_b="0.000000" m_c="0.000000" m_d="1.200000" m_tx="0.000000" m_ty="0.000000"/>
  </frame>
  <frame idx="825" w="79" h="99" x="6.400002" y="-12.799999">
   <element name="symbol0" layername="soultide_core_purple" frame="3" z_index="6" m_a="1.200000" m_b="0.000000" m_c="0.000000" m_d="1.200000" m_tx="0.000000" m_ty="0.000000"/>
  </frame>
  <frame idx="850" w="79" h="99" x="6.400002" y="-12.799999">
   <element name="symbol0" layername="soultide_core_purple" frame="3" z_index="6" m_a="1.200000" m_b="0.000000" m_c="0.000000" m_d="1.200000" m_tx="0.000000" m_ty="0.000000"/>
  </frame>
  <frame idx="875" w="79" h="99" x="6.400002" y="-12.799999">
   <element name="symbol0" layername="soultide_core_purple" frame="3" z_index="6" m_a="1.200000" m_b="0.000000" m_c="0.000000" m_d="1.200000" m_tx="0.000000" m_ty="0.000000"/>
  </frame>
  <frame idx="900" w="79" h="99" x="6.400002" y="-12.799999">
   <element name="symbol0" layername="soultide_core_purple" frame="3" z_index="6" m_a="1.200000" m_b="0.000000" m_c="0.000000" m_d="1.200000" m_tx="0.000000" m_ty="0.000000"/>
  </frame>
  <frame idx="925" w="79" h="99" x="6.400002" y="-12.799999">
   <element name="symbol0" layername="soultide_core_purple" frame="3" z_index="6" m_a="1.200000" m_b="0.000000" m_c="0.000000" m_d="1.200000" m_tx="0.000000" m_ty="0.000000"/>
  </frame>
  <frame idx="950" w="79" h="99" x="6.400002" y="-12.799999">
   <element name="symbol0" layername="soultide_core_purple" frame="3" z_index="6" m_a="1.200000" m_b="0.000000" m_c="0.000000" m_d="1.200000" m_tx="0.000000" m_ty="0.000000"/>
  </frame>
  <frame idx="975" w="79" h="99" x="6.400002" y="-12.799999">
   <element name="symbol0" layername="soultide_core_purple" frame="3" z_index="6" m_a="1.200000" m_b="0.000000" m_c="0.000000" m_d="1.200000" m_tx="0.000000" m_ty="0.000000"/>
  </frame>
 </anim>
 <anim name="soultide_core_golden" root="soultide_upnecessity" numframes="1000" framerate="40">
  <frame idx="0" w="79" h="99" x="6.400002" y="-12.799999">
   <element name="symbol0" layername="soultide_core_golden" frame="4" z_index="6" m_a="1.200000" m_b="0.000000" m_c="0.000000" m_d="1.200000" m_tx="0.000000" m_ty="0.000000"/>
  </frame>
  <frame idx="25" w="79" h="99" x="6.400002" y="-12.799999">
   <element name="symbol0" layername="soultide_core_golden" frame="4" z_index="6" m_a="1.200000" m_b="0.000000" m_c="0.000000" m_d="1.200000" m_tx="0.000000" m_ty="0.000000"/>
  </frame>
  <frame idx="50" w="79" h="99" x="6.400002" y="-12.799999">
   <element name="symbol0" layername="soultide_core_golden" frame="4" z_index="6" m_a="1.200000" m_b="0.000000" m_c="0.000000" m_d="1.200000" m_tx="0.000000" m_ty="0.000000"/>
  </frame>
  <frame idx="75" w="79" h="99" x="6.400002" y="-12.799999">
   <element name="symbol0" layername="soultide_core_golden" frame="4" z_index="6" m_a="1.200000" m_b="0.000000" m_c="0.000000" m_d="1.200000" m_tx="0.000000" m_ty="0.000000"/>
  </frame>
  <frame idx="100" w="79" h="99" x="6.400002" y="-12.799999">
   <element name="symbol0" layername="soultide_core_golden" frame="4" z_index="6" m_a="1.200000" m_b="0.000000" m_c="0.000000" m_d="1.200000" m_tx="0.000000" m_ty="0.000000"/>
  </frame>
  <frame idx="125" w="79" h="99" x="6.400002" y="-12.799999">
   <element name="symbol0" layername="soultide_core_golden" frame="4" z_index="6" m_a="1.200000" m_b="0.000000" m_c="0.000000" m_d="1.200000" m_tx="0.000000" m_ty="0.000000"/>
  </frame>
  <frame idx="150" w="79" h="99" x="6.400002" y="-12.799999">
   <element name="symbol0" layername="soultide_core_golden" frame="4" z_index="6" m_a="1.200000" m_b="0.000000" m_c="0.000000" m_d="1.200000" m_tx="0.000000" m_ty="0.000000"/>
  </frame>
  <frame idx="175" w="79" h="99" x="6.400002" y="-12.799999">
   <element name="symbol0" layername="soultide_core_golden" frame="4" z_index="6" m_a="1.200000" m_b="0.000000" m_c="0.000000" m_d="1.200000" m_tx="0.000000" m_ty="0.000000"/>
  </frame>
  <frame idx="200" w="79" h="99" x="6.400002" y="-12.799999">
   <element name="symbol0" layername="soultide_core_golden" frame="4" z_index="6" m_a="1.200000" m_b="0.000000" m_c="0.000000" m_d="1.200000" m_tx="0.000000" m_ty="0.000000"/>
  </frame>
  <frame idx="225" w="79" h="99" x="6.400002" y="-12.799999">
   <element name="symbol0" layername="soultide_core_golden" frame="4" z_index="6" m_a="1.200000" m_b="0.000000" m_c="0.000000" m_d="1.200000" m_tx="0.000000" m_ty="0.000000"/>
  </frame>
  <frame idx="250" w="79" h="99" x="6.400002" y="-12.799999">
   <element name="symbol0" layername="soultide_core_golden" frame="4" z_index="6" m_a="1.200000" m_b="0.000000" m_c="0.000000" m_d="1.200000" m_tx="0.000000" m_ty="0.000000"/>
  </frame>
  <frame idx="275" w="79" h="99" x="6.400002" y="-12.799999">
   <element name="symbol0" layername="soultide_core_golden" frame="4" z_index="6" m_a="1.200000" m_b="0.000000" m_c="0.000000" m_d="1.200000" m_tx="0.000000" m_ty="0.000000"/>
  </frame>
  <frame idx="300" w="79" h="99" x="6.400002" y="-12.799999">
   <element name="symbol0" layername="soultide_core_golden" frame="4" z_index="6" m_a="1.200000" m_b="0.000000" m_c="0.000000" m_d="1.200000" m_tx="0.000000" m_ty="0.000000"/>
  </frame>
  <frame idx="325" w="79" h="99" x="6.400002" y="-12.799999">
   <element name="symbol0" layername="soultide_core_golden" frame="4" z_index="6" m_a="1.200000" m_b="0.000000" m_c="0.000000" m_d="1.200000" m_tx="0.000000" m_ty="0.000000"/>
  </frame>
  <frame idx="350" w="79" h="99" x="6.400002" y="-12.799999">
   <element name="symbol0" layername="soultide_core_golden" frame="4" z_index="6" m_a="1.200000" m_b="0.000000" m_c="0.000000" m_d="1.200000" m_tx="0.000000" m_ty="0.000000"/>
  </frame>
  <frame idx="375" w="79" h="99" x="6.400002" y="-12.799999">
   <element name="symbol0" layername="soultide_core_golden" frame="4" z_index="6" m_a="1.200000" m_b="0.000000" m_c="0.000000" m_d="1.200000" m_tx="0.000000" m_ty="0.000000"/>
  </frame>
  <frame idx="400" w="79" h="99" x="6.400002" y="-12.799999">
   <element name="symbol0" layername="soultide_core_golden" frame="4" z_index="6" m_a="1.200000" m_b="0.000000" m_c="0.000000" m_d="1.200000" m_tx="0.000000" m_ty="0.000000"/>
  </frame>
  <frame idx="425" w="79" h="99" x="6.400002" y="-12.799999">
   <element name="symbol0" layername="soultide_core_golden" frame="4" z_index="6" m_a="1.200000" m_b="0.000000" m_c="0.000000" m_d="1.200000" m_tx="0.000000" m_ty="0.000000"/>
  </frame>
  <frame idx="450" w="79" h="99" x="6.400002" y="-12.799999">
   <element name="symbol0" layername="soultide_core_golden" frame="4" z_index="6" m_a="1.200000" m_b="0.000000" m_c="0.000000" m_d="1.200000" m_tx="0.000000" m_ty="0.000000"/>
  </frame>
  <frame idx="475" w="79" h="99" x="6.400002" y="-12.799999">
   <element name="symbol0" layername="soultide_core_golden" frame="4" z_index="6" m_a="1.200000" m_b="0.000000" m_c="0.000000" m_d="1.200000" m_tx="0.000000" m_ty="0.000000"/>
  </frame>
  <frame idx="500" w="79" h="99" x="6.400002" y="-12.799999">
   <element name="symbol0" layername="soultide_core_golden" frame="4" z_index="6" m_a="1.200000" m_b="0.000000" m_c="0.000000" m_d="1.200000" m_tx="0.000000" m_ty="0.000000"/>
  </frame>
  <frame idx="525" w="79" h="99" x="6.400002" y="-12.799999">
   <element name="symbol0" layername="soultide_core_golden" frame="4" z_index="6" m_a="1.200000" m_b="0.000000" m_c="0.000000" m_d="1.200000" m_tx="0.000000" m_ty="0.000000"/>
  </frame>
  <frame idx="550" w="79" h="99" x="6.400002" y="-12.799999">
   <element name="symbol0" layername="soultide_core_golden" frame="4" z_index="6" m_a="1.200000" m_b="0.000000" m_c="0.000000" m_d="1.200000" m_tx="0.000000" m_ty="0.000000"/>
  </frame>
  <frame idx="575" w="79" h="99" x="6.400002" y="-12.799999">
   <element name="symbol0" layername="soultide_core_golden" frame="4" z_index="6" m_a="1.200000" m_b="0.000000" m_c="0.000000" m_d="1.200000" m_tx="0.000000" m_ty="0.000000"/>
  </frame>
  <frame idx="600" w="79" h="99" x="6.400002" y="-12.799999">
   <element name="symbol0" layername="soultide_core_golden" frame="4" z_index="6" m_a="1.200000" m_b="0.000000" m_c="0.000000" m_d="1.200000" m_tx="0.000000" m_ty="0.000000"/>
  </frame>
  <frame idx="625" w="79" h="99" x="6.400002" y="-12.799999">
   <element name="symbol0" layername="soultide_core_golden" frame="4" z_index="6" m_a="1.200000" m_b="0.000000" m_c="0.000000" m_d="1.200000" m_tx="0.000000" m_ty="0.000000"/>
  </frame>
  <frame idx="650" w="79" h="99" x="6.400002" y="-12.799999">
   <element name="symbol0" layername="soultide_core_golden" frame="4" z_index="6" m_a="1.200000" m_b="0.000000" m_c="0.000000" m_d="1.200000" m_tx="0.000000" m_ty="0.000000"/>
  </frame>
  <frame idx="675" w="79" h="99" x="6.400002" y="-12.799999">
   <element name="symbol0" layername="soultide_core_golden" frame="4" z_index="6" m_a="1.200000" m_b="0.000000" m_c="0.000000" m_d="1.200000" m_tx="0.000000" m_ty="0.000000"/>
  </frame>
  <frame idx="700" w="79" h="99" x="6.400002" y="-12.799999">
   <element name="symbol0" layername="soultide_core_golden" frame="4" z_index="6" m_a="1.200000" m_b="0.000000" m_c="0.000000" m_d="1.200000" m_tx="0.000000" m_ty="0.000000"/>
  </frame>
  <frame idx="725" w="79" h="99" x="6.400002" y="-12.799999">
   <element name="symbol0" layername="soultide_core_golden" frame="4" z_index="6" m_a="1.200000" m_b="0.000000" m_c="0.000000" m_d="1.200000" m_tx="0.000000" m_ty="0.000000"/>
  </frame>
  <frame idx="750" w="79" h="99" x="6.400002" y="-12.799999">
   <element name="symbol0" layername="soultide_core_golden" frame="4" z_index="6" m_a="1.200000" m_b="0.000000" m_c="0.000000" m_d="1.200000" m_tx="0.000000" m_ty="0.000000"/>
  </frame>
  <frame idx="775" w="79" h="99" x="6.400002" y="-12.799999">
   <element name="symbol0" layername="soultide_core_golden" frame="4" z_index="6" m_a="1.200000" m_b="0.000000" m_c="0.000000" m_d="1.200000" m_tx="0.000000" m_ty="0.000000"/>
  </frame>
  <frame idx="800" w="79" h="99" x="6.400002" y="-12.799999">
   <element name="symbol0" layername="soultide_core_golden" frame="4" z_index="6" m_a="1.200000" m_b="0.000000" m_c="0.000000" m_d="1.200000" m_tx="0.000000" m_ty="0.000000"/>
  </frame>
  <frame idx="825" w="79" h="99" x="6.400002" y="-12.799999">
   <element name="symbol0" layername="soultide_core_golden" frame="4" z_index="6" m_a="1.200000" m_b="0.000000" m_c="0.000000" m_d="1.200000" m_tx="0.000000" m_ty="0.000000"/>
  </frame>
  <frame idx="850" w="79" h="99" x="6.400002" y="-12.799999">
   <element name="symbol0" layername="soultide_core_golden" frame="4" z_index="6" m_a="1.200000" m_b="0.000000" m_c="0.000000" m_d="1.200000" m_tx="0.000000" m_ty="0.000000"/>
  </frame>
  <frame idx="875" w="79" h="99" x="6.400002" y="-12.799999">
   <element name="symbol0" layername="soultide_core_golden" frame="4" z_index="6" m_a="1.200000" m_b="0.000000" m_c="0.000000" m_d="1.200000" m_tx="0.000000" m_ty="0.000000"/>
  </frame>
  <frame idx="900" w="79" h="99" x="6.400002" y="-12.799999">
   <element name="symbol0" layername="soultide_core_golden" frame="4" z_index="6" m_a="1.200000" m_b="0.000000" m_c="0.000000" m_d="1.200000" m_tx="0.000000" m_ty="0.000000"/>
  </frame>
  <frame idx="925" w="79" h="99" x="6.400002" y="-12.799999">
   <element name="symbol0" layername="soultide_core_golden" frame="4" z_index="6" m_a="1.200000" m_b="0.000000" m_c="0.000000" m_d="1.200000" m_tx="0.000000" m_ty="0.000000"/>
  </frame>
  <frame idx="950" w="79" h="99" x="6.400002" y="-12.799999">
   <element name="symbol0" layername="soultide_core_golden" frame="4" z_index="6" m_a="1.200000" m_b="0.000000" m_c="0.000000" m_d="1.200000" m_tx="0.000000" m_ty="0.000000"/>
  </frame>
  <frame idx="975" w="79" h="99" x="6.400002" y="-12.799999">
   <element name="symbol0" layername="soultide_core_golden" frame="4" z_index="6" m_a="1.200000" m_b="0.000000" m_c="0.000000" m_d="1.200000" m_tx="0.000000" m_ty="0.000000"/>
  </frame>
 </anim>
</Anims>
