<Anims>
 <anim name="soultide_greencandy" root="soultide_candy" numframes="1000" framerate="40">
  <frame idx="0" w="88" h="88" x="16.000000" y="16.000000">
   <element name="symbol0" layername="soultide_greencandy" frame="0" z_index="5" m_a="1.500000" m_b="0.000000" m_c="0.000000" m_d="1.500000" m_tx="0.000000" m_ty="0.000000"/>
  </frame>
  <frame idx="25" w="88" h="88" x="16.000000" y="16.000000">
   <element name="symbol0" layername="soultide_greencandy" frame="0" z_index="5" m_a="1.500000" m_b="0.000000" m_c="0.000000" m_d="1.500000" m_tx="0.000000" m_ty="0.000000"/>
  </frame>
  <frame idx="50" w="88" h="88" x="16.000000" y="16.000000">
   <element name="symbol0" layername="soultide_greencandy" frame="0" z_index="5" m_a="1.500000" m_b="0.000000" m_c="0.000000" m_d="1.500000" m_tx="0.000000" m_ty="0.000000"/>
  </frame>
  <frame idx="75" w="88" h="88" x="16.000000" y="16.000000">
   <element name="symbol0" layername="soultide_greencandy" frame="0" z_index="5" m_a="1.500000" m_b="0.000000" m_c="0.000000" m_d="1.500000" m_tx="0.000000" m_ty="0.000000"/>
  </frame>
  <frame idx="100" w="88" h="88" x="16.000000" y="16.000000">
   <element name="symbol0" layername="soultide_greencandy" frame="0" z_index="5" m_a="1.500000" m_b="0.000000" m_c="0.000000" m_d="1.500000" m_tx="0.000000" m_ty="0.000000"/>
  </frame>
  <frame idx="125" w="88" h="88" x="16.000000" y="16.000000">
   <element name="symbol0" layername="soultide_greencandy" frame="0" z_index="5" m_a="1.500000" m_b="0.000000" m_c="0.000000" m_d="1.500000" m_tx="0.000000" m_ty="0.000000"/>
  </frame>
  <frame idx="150" w="88" h="88" x="16.000000" y="16.000000">
   <element name="symbol0" layername="soultide_greencandy" frame="0" z_index="5" m_a="1.500000" m_b="0.000000" m_c="0.000000" m_d="1.500000" m_tx="0.000000" m_ty="0.000000"/>
  </frame>
  <frame idx="175" w="88" h="88" x="16.000000" y="16.000000">
   <element name="symbol0" layername="soultide_greencandy" frame="0" z_index="5" m_a="1.500000" m_b="0.000000" m_c="0.000000" m_d="1.500000" m_tx="0.000000" m_ty="0.000000"/>
  </frame>
  <frame idx="200" w="88" h="88" x="16.000000" y="16.000000">
   <element name="symbol0" layername="soultide_greencandy" frame="0" z_index="5" m_a="1.500000" m_b="0.000000" m_c="0.000000" m_d="1.500000" m_tx="0.000000" m_ty="0.000000"/>
  </frame>
  <frame idx="225" w="88" h="88" x="16.000000" y="16.000000">
   <element name="symbol0" layername="soultide_greencandy" frame="0" z_index="5" m_a="1.500000" m_b="0.000000" m_c="0.000000" m_d="1.500000" m_tx="0.000000" m_ty="0.000000"/>
  </frame>
  <frame idx="250" w="88" h="88" x="16.000000" y="16.000000">
   <element name="symbol0" layername="soultide_greencandy" frame="0" z_index="5" m_a="1.500000" m_b="0.000000" m_c="0.000000" m_d="1.500000" m_tx="0.000000" m_ty="0.000000"/>
  </frame>
  <frame idx="275" w="88" h="88" x="16.000000" y="16.000000">
   <element name="symbol0" layername="soultide_greencandy" frame="0" z_index="5" m_a="1.500000" m_b="0.000000" m_c="0.000000" m_d="1.500000" m_tx="0.000000" m_ty="0.000000"/>
  </frame>
  <frame idx="300" w="88" h="88" x="16.000000" y="16.000000">
   <element name="symbol0" layername="soultide_greencandy" frame="0" z_index="5" m_a="1.500000" m_b="0.000000" m_c="0.000000" m_d="1.500000" m_tx="0.000000" m_ty="0.000000"/>
  </frame>
  <frame idx="325" w="88" h="88" x="16.000000" y="16.000000">
   <element name="symbol0" layername="soultide_greencandy" frame="0" z_index="5" m_a="1.500000" m_b="0.000000" m_c="0.000000" m_d="1.500000" m_tx="0.000000" m_ty="0.000000"/>
  </frame>
  <frame idx="350" w="88" h="88" x="16.000000" y="16.000000">
   <element name="symbol0" layername="soultide_greencandy" frame="0" z_index="5" m_a="1.500000" m_b="0.000000" m_c="0.000000" m_d="1.500000" m_tx="0.000000" m_ty="0.000000"/>
  </frame>
  <frame idx="375" w="88" h="88" x="16.000000" y="16.000000">
   <element name="symbol0" layername="soultide_greencandy" frame="0" z_index="5" m_a="1.500000" m_b="0.000000" m_c="0.000000" m_d="1.500000" m_tx="0.000000" m_ty="0.000000"/>
  </frame>
  <frame idx="400" w="88" h="88" x="16.000000" y="16.000000">
   <element name="symbol0" layername="soultide_greencandy" frame="0" z_index="5" m_a="1.500000" m_b="0.000000" m_c="0.000000" m_d="1.500000" m_tx="0.000000" m_ty="0.000000"/>
  </frame>
  <frame idx="425" w="88" h="88" x="16.000000" y="16.000000">
   <element name="symbol0" layername="soultide_greencandy" frame="0" z_index="5" m_a="1.500000" m_b="0.000000" m_c="0.000000" m_d="1.500000" m_tx="0.000000" m_ty="0.000000"/>
  </frame>
  <frame idx="450" w="88" h="88" x="16.000000" y="16.000000">
   <element name="symbol0" layername="soultide_greencandy" frame="0" z_index="5" m_a="1.500000" m_b="0.000000" m_c="0.000000" m_d="1.500000" m_tx="0.000000" m_ty="0.000000"/>
  </frame>
  <frame idx="475" w="88" h="88" x="16.000000" y="16.000000">
   <element name="symbol0" layername="soultide_greencandy" frame="0" z_index="5" m_a="1.500000" m_b="0.000000" m_c="0.000000" m_d="1.500000" m_tx="0.000000" m_ty="0.000000"/>
  </frame>
  <frame idx="500" w="88" h="88" x="16.000000" y="16.000000">
   <element name="symbol0" layername="soultide_greencandy" frame="0" z_index="5" m_a="1.500000" m_b="0.000000" m_c="0.000000" m_d="1.500000" m_tx="0.000000" m_ty="0.000000"/>
  </frame>
  <frame idx="525" w="88" h="88" x="16.000000" y="16.000000">
   <element name="symbol0" layername="soultide_greencandy" frame="0" z_index="5" m_a="1.500000" m_b="0.000000" m_c="0.000000" m_d="1.500000" m_tx="0.000000" m_ty="0.000000"/>
  </frame>
  <frame idx="550" w="88" h="88" x="16.000000" y="16.000000">
   <element name="symbol0" layername="soultide_greencandy" frame="0" z_index="5" m_a="1.500000" m_b="0.000000" m_c="0.000000" m_d="1.500000" m_tx="0.000000" m_ty="0.000000"/>
  </frame>
  <frame idx="575" w="88" h="88" x="16.000000" y="16.000000">
   <element name="symbol0" layername="soultide_greencandy" frame="0" z_index="5" m_a="1.500000" m_b="0.000000" m_c="0.000000" m_d="1.500000" m_tx="0.000000" m_ty="0.000000"/>
  </frame>
  <frame idx="600" w="88" h="88" x="16.000000" y="16.000000">
   <element name="symbol0" layername="soultide_greencandy" frame="0" z_index="5" m_a="1.500000" m_b="0.000000" m_c="0.000000" m_d="1.500000" m_tx="0.000000" m_ty="0.000000"/>
  </frame>
  <frame idx="625" w="88" h="88" x="16.000000" y="16.000000">
   <element name="symbol0" layername="soultide_greencandy" frame="0" z_index="5" m_a="1.500000" m_b="0.000000" m_c="0.000000" m_d="1.500000" m_tx="0.000000" m_ty="0.000000"/>
  </frame>
  <frame idx="650" w="88" h="88" x="16.000000" y="16.000000">
   <element name="symbol0" layername="soultide_greencandy" frame="0" z_index="5" m_a="1.500000" m_b="0.000000" m_c="0.000000" m_d="1.500000" m_tx="0.000000" m_ty="0.000000"/>
  </frame>
  <frame idx="675" w="88" h="88" x="16.000000" y="16.000000">
   <element name="symbol0" layername="soultide_greencandy" frame="0" z_index="5" m_a="1.500000" m_b="0.000000" m_c="0.000000" m_d="1.500000" m_tx="0.000000" m_ty="0.000000"/>
  </frame>
  <frame idx="700" w="88" h="88" x="16.000000" y="16.000000">
   <element name="symbol0" layername="soultide_greencandy" frame="0" z_index="5" m_a="1.500000" m_b="0.000000" m_c="0.000000" m_d="1.500000" m_tx="0.000000" m_ty="0.000000"/>
  </frame>
  <frame idx="725" w="88" h="88" x="16.000000" y="16.000000">
   <element name="symbol0" layername="soultide_greencandy" frame="0" z_index="5" m_a="1.500000" m_b="0.000000" m_c="0.000000" m_d="1.500000" m_tx="0.000000" m_ty="0.000000"/>
  </frame>
  <frame idx="750" w="88" h="88" x="16.000000" y="16.000000">
   <element name="symbol0" layername="soultide_greencandy" frame="0" z_index="5" m_a="1.500000" m_b="0.000000" m_c="0.000000" m_d="1.500000" m_tx="0.000000" m_ty="0.000000"/>
  </frame>
  <frame idx="775" w="88" h="88" x="16.000000" y="16.000000">
   <element name="symbol0" layername="soultide_greencandy" frame="0" z_index="5" m_a="1.500000" m_b="0.000000" m_c="0.000000" m_d="1.500000" m_tx="0.000000" m_ty="0.000000"/>
  </frame>
  <frame idx="800" w="88" h="88" x="16.000000" y="16.000000">
   <element name="symbol0" layername="soultide_greencandy" frame="0" z_index="5" m_a="1.500000" m_b="0.000000" m_c="0.000000" m_d="1.500000" m_tx="0.000000" m_ty="0.000000"/>
  </frame>
  <frame idx="825" w="88" h="88" x="16.000000" y="16.000000">
   <element name="symbol0" layername="soultide_greencandy" frame="0" z_index="5" m_a="1.500000" m_b="0.000000" m_c="0.000000" m_d="1.500000" m_tx="0.000000" m_ty="0.000000"/>
  </frame>
  <frame idx="850" w="88" h="88" x="16.000000" y="16.000000">
   <element name="symbol0" layername="soultide_greencandy" frame="0" z_index="5" m_a="1.500000" m_b="0.000000" m_c="0.000000" m_d="1.500000" m_tx="0.000000" m_ty="0.000000"/>
  </frame>
  <frame idx="875" w="88" h="88" x="16.000000" y="16.000000">
   <element name="symbol0" layername="soultide_greencandy" frame="0" z_index="5" m_a="1.500000" m_b="0.000000" m_c="0.000000" m_d="1.500000" m_tx="0.000000" m_ty="0.000000"/>
  </frame>
  <frame idx="900" w="88" h="88" x="16.000000" y="16.000000">
   <element name="symbol0" layername="soultide_greencandy" frame="0" z_index="5" m_a="1.500000" m_b="0.000000" m_c="0.000000" m_d="1.500000" m_tx="0.000000" m_ty="0.000000"/>
  </frame>
  <frame idx="925" w="88" h="88" x="16.000000" y="16.000000">
   <element name="symbol0" layername="soultide_greencandy" frame="0" z_index="5" m_a="1.500000" m_b="0.000000" m_c="0.000000" m_d="1.500000" m_tx="0.000000" m_ty="0.000000"/>
  </frame>
  <frame idx="950" w="88" h="88" x="16.000000" y="16.000000">
   <element name="symbol0" layername="soultide_greencandy" frame="0" z_index="5" m_a="1.500000" m_b="0.000000" m_c="0.000000" m_d="1.500000" m_tx="0.000000" m_ty="0.000000"/>
  </frame>
  <frame idx="975" w="88" h="88" x="16.000000" y="16.000000">
   <element name="symbol0" layername="soultide_greencandy" frame="0" z_index="5" m_a="1.500000" m_b="0.000000" m_c="0.000000" m_d="1.500000" m_tx="0.000000" m_ty="0.000000"/>
  </frame>
 </anim>
 <anim name="soultide_bluecandy" root="soultide_candy" numframes="1000" framerate="40">
  <frame idx="0" w="88" h="88" x="16.000000" y="16.000000">
   <element name="symbol0" layername="soultide_bluecandy" frame="2" z_index="5" m_a="1.500000" m_b="0.000000" m_c="0.000000" m_d="1.500000" m_tx="0.000000" m_ty="0.000000"/>
  </frame>
  <frame idx="25" w="88" h="88" x="16.000000" y="16.000000">
   <element name="symbol0" layername="soultide_bluecandy" frame="2" z_index="5" m_a="1.500000" m_b="0.000000" m_c="0.000000" m_d="1.500000" m_tx="0.000000" m_ty="0.000000"/>
  </frame>
  <frame idx="50" w="88" h="88" x="16.000000" y="16.000000">
   <element name="symbol0" layername="soultide_bluecandy" frame="2" z_index="5" m_a="1.500000" m_b="0.000000" m_c="0.000000" m_d="1.500000" m_tx="0.000000" m_ty="0.000000"/>
  </frame>
  <frame idx="75" w="88" h="88" x="16.000000" y="16.000000">
   <element name="symbol0" layername="soultide_bluecandy" frame="2" z_index="5" m_a="1.500000" m_b="0.000000" m_c="0.000000" m_d="1.500000" m_tx="0.000000" m_ty="0.000000"/>
  </frame>
  <frame idx="100" w="88" h="88" x="16.000000" y="16.000000">
   <element name="symbol0" layername="soultide_bluecandy" frame="2" z_index="5" m_a="1.500000" m_b="0.000000" m_c="0.000000" m_d="1.500000" m_tx="0.000000" m_ty="0.000000"/>
  </frame>
  <frame idx="125" w="88" h="88" x="16.000000" y="16.000000">
   <element name="symbol0" layername="soultide_bluecandy" frame="2" z_index="5" m_a="1.500000" m_b="0.000000" m_c="0.000000" m_d="1.500000" m_tx="0.000000" m_ty="0.000000"/>
  </frame>
  <frame idx="150" w="88" h="88" x="16.000000" y="16.000000">
   <element name="symbol0" layername="soultide_bluecandy" frame="2" z_index="5" m_a="1.500000" m_b="0.000000" m_c="0.000000" m_d="1.500000" m_tx="0.000000" m_ty="0.000000"/>
  </frame>
  <frame idx="175" w="88" h="88" x="16.000000" y="16.000000">
   <element name="symbol0" layername="soultide_bluecandy" frame="2" z_index="5" m_a="1.500000" m_b="0.000000" m_c="0.000000" m_d="1.500000" m_tx="0.000000" m_ty="0.000000"/>
  </frame>
  <frame idx="200" w="88" h="88" x="16.000000" y="16.000000">
   <element name="symbol0" layername="soultide_bluecandy" frame="2" z_index="5" m_a="1.500000" m_b="0.000000" m_c="0.000000" m_d="1.500000" m_tx="0.000000" m_ty="0.000000"/>
  </frame>
  <frame idx="225" w="88" h="88" x="16.000000" y="16.000000">
   <element name="symbol0" layername="soultide_bluecandy" frame="2" z_index="5" m_a="1.500000" m_b="0.000000" m_c="0.000000" m_d="1.500000" m_tx="0.000000" m_ty="0.000000"/>
  </frame>
  <frame idx="250" w="88" h="88" x="16.000000" y="16.000000">
   <element name="symbol0" layername="soultide_bluecandy" frame="2" z_index="5" m_a="1.500000" m_b="0.000000" m_c="0.000000" m_d="1.500000" m_tx="0.000000" m_ty="0.000000"/>
  </frame>
  <frame idx="275" w="88" h="88" x="16.000000" y="16.000000">
   <element name="symbol0" layername="soultide_bluecandy" frame="2" z_index="5" m_a="1.500000" m_b="0.000000" m_c="0.000000" m_d="1.500000" m_tx="0.000000" m_ty="0.000000"/>
  </frame>
  <frame idx="300" w="88" h="88" x="16.000000" y="16.000000">
   <element name="symbol0" layername="soultide_bluecandy" frame="2" z_index="5" m_a="1.500000" m_b="0.000000" m_c="0.000000" m_d="1.500000" m_tx="0.000000" m_ty="0.000000"/>
  </frame>
  <frame idx="325" w="88" h="88" x="16.000000" y="16.000000">
   <element name="symbol0" layername="soultide_bluecandy" frame="2" z_index="5" m_a="1.500000" m_b="0.000000" m_c="0.000000" m_d="1.500000" m_tx="0.000000" m_ty="0.000000"/>
  </frame>
  <frame idx="350" w="88" h="88" x="16.000000" y="16.000000">
   <element name="symbol0" layername="soultide_bluecandy" frame="2" z_index="5" m_a="1.500000" m_b="0.000000" m_c="0.000000" m_d="1.500000" m_tx="0.000000" m_ty="0.000000"/>
  </frame>
  <frame idx="375" w="88" h="88" x="16.000000" y="16.000000">
   <element name="symbol0" layername="soultide_bluecandy" frame="2" z_index="5" m_a="1.500000" m_b="0.000000" m_c="0.000000" m_d="1.500000" m_tx="0.000000" m_ty="0.000000"/>
  </frame>
  <frame idx="400" w="88" h="88" x="16.000000" y="16.000000">
   <element name="symbol0" layername="soultide_bluecandy" frame="2" z_index="5" m_a="1.500000" m_b="0.000000" m_c="0.000000" m_d="1.500000" m_tx="0.000000" m_ty="0.000000"/>
  </frame>
  <frame idx="425" w="88" h="88" x="16.000000" y="16.000000">
   <element name="symbol0" layername="soultide_bluecandy" frame="2" z_index="5" m_a="1.500000" m_b="0.000000" m_c="0.000000" m_d="1.500000" m_tx="0.000000" m_ty="0.000000"/>
  </frame>
  <frame idx="450" w="88" h="88" x="16.000000" y="16.000000">
   <element name="symbol0" layername="soultide_bluecandy" frame="2" z_index="5" m_a="1.500000" m_b="0.000000" m_c="0.000000" m_d="1.500000" m_tx="0.000000" m_ty="0.000000"/>
  </frame>
  <frame idx="475" w="88" h="88" x="16.000000" y="16.000000">
   <element name="symbol0" layername="soultide_bluecandy" frame="2" z_index="5" m_a="1.500000" m_b="0.000000" m_c="0.000000" m_d="1.500000" m_tx="0.000000" m_ty="0.000000"/>
  </frame>
  <frame idx="500" w="88" h="88" x="16.000000" y="16.000000">
   <element name="symbol0" layername="soultide_bluecandy" frame="2" z_index="5" m_a="1.500000" m_b="0.000000" m_c="0.000000" m_d="1.500000" m_tx="0.000000" m_ty="0.000000"/>
  </frame>
  <frame idx="525" w="88" h="88" x="16.000000" y="16.000000">
   <element name="symbol0" layername="soultide_bluecandy" frame="2" z_index="5" m_a="1.500000" m_b="0.000000" m_c="0.000000" m_d="1.500000" m_tx="0.000000" m_ty="0.000000"/>
  </frame>
  <frame idx="550" w="88" h="88" x="16.000000" y="16.000000">
   <element name="symbol0" layername="soultide_bluecandy" frame="2" z_index="5" m_a="1.500000" m_b="0.000000" m_c="0.000000" m_d="1.500000" m_tx="0.000000" m_ty="0.000000"/>
  </frame>
  <frame idx="575" w="88" h="88" x="16.000000" y="16.000000">
   <element name="symbol0" layername="soultide_bluecandy" frame="2" z_index="5" m_a="1.500000" m_b="0.000000" m_c="0.000000" m_d="1.500000" m_tx="0.000000" m_ty="0.000000"/>
  </frame>
  <frame idx="600" w="88" h="88" x="16.000000" y="16.000000">
   <element name="symbol0" layername="soultide_bluecandy" frame="2" z_index="5" m_a="1.500000" m_b="0.000000" m_c="0.000000" m_d="1.500000" m_tx="0.000000" m_ty="0.000000"/>
  </frame>
  <frame idx="625" w="88" h="88" x="16.000000" y="16.000000">
   <element name="symbol0" layername="soultide_bluecandy" frame="2" z_index="5" m_a="1.500000" m_b="0.000000" m_c="0.000000" m_d="1.500000" m_tx="0.000000" m_ty="0.000000"/>
  </frame>
  <frame idx="650" w="88" h="88" x="16.000000" y="16.000000">
   <element name="symbol0" layername="soultide_bluecandy" frame="2" z_index="5" m_a="1.500000" m_b="0.000000" m_c="0.000000" m_d="1.500000" m_tx="0.000000" m_ty="0.000000"/>
  </frame>
  <frame idx="675" w="88" h="88" x="16.000000" y="16.000000">
   <element name="symbol0" layername="soultide_bluecandy" frame="2" z_index="5" m_a="1.500000" m_b="0.000000" m_c="0.000000" m_d="1.500000" m_tx="0.000000" m_ty="0.000000"/>
  </frame>
  <frame idx="700" w="88" h="88" x="16.000000" y="16.000000">
   <element name="symbol0" layername="soultide_bluecandy" frame="2" z_index="5" m_a="1.500000" m_b="0.000000" m_c="0.000000" m_d="1.500000" m_tx="0.000000" m_ty="0.000000"/>
  </frame>
  <frame idx="725" w="88" h="88" x="16.000000" y="16.000000">
   <element name="symbol0" layername="soultide_bluecandy" frame="2" z_index="5" m_a="1.500000" m_b="0.000000" m_c="0.000000" m_d="1.500000" m_tx="0.000000" m_ty="0.000000"/>
  </frame>
  <frame idx="750" w="88" h="88" x="16.000000" y="16.000000">
   <element name="symbol0" layername="soultide_bluecandy" frame="2" z_index="5" m_a="1.500000" m_b="0.000000" m_c="0.000000" m_d="1.500000" m_tx="0.000000" m_ty="0.000000"/>
  </frame>
  <frame idx="775" w="88" h="88" x="16.000000" y="16.000000">
   <element name="symbol0" layername="soultide_bluecandy" frame="2" z_index="5" m_a="1.500000" m_b="0.000000" m_c="0.000000" m_d="1.500000" m_tx="0.000000" m_ty="0.000000"/>
  </frame>
  <frame idx="800" w="88" h="88" x="16.000000" y="16.000000">
   <element name="symbol0" layername="soultide_bluecandy" frame="2" z_index="5" m_a="1.500000" m_b="0.000000" m_c="0.000000" m_d="1.500000" m_tx="0.000000" m_ty="0.000000"/>
  </frame>
  <frame idx="825" w="88" h="88" x="16.000000" y="16.000000">
   <element name="symbol0" layername="soultide_bluecandy" frame="2" z_index="5" m_a="1.500000" m_b="0.000000" m_c="0.000000" m_d="1.500000" m_tx="0.000000" m_ty="0.000000"/>
  </frame>
  <frame idx="850" w="88" h="88" x="16.000000" y="16.000000">
   <element name="symbol0" layername="soultide_bluecandy" frame="2" z_index="5" m_a="1.500000" m_b="0.000000" m_c="0.000000" m_d="1.500000" m_tx="0.000000" m_ty="0.000000"/>
  </frame>
  <frame idx="875" w="88" h="88" x="16.000000" y="16.000000">
   <element name="symbol0" layername="soultide_bluecandy" frame="2" z_index="5" m_a="1.500000" m_b="0.000000" m_c="0.000000" m_d="1.500000" m_tx="0.000000" m_ty="0.000000"/>
  </frame>
  <frame idx="900" w="88" h="88" x="16.000000" y="16.000000">
   <element name="symbol0" layername="soultide_bluecandy" frame="2" z_index="5" m_a="1.500000" m_b="0.000000" m_c="0.000000" m_d="1.500000" m_tx="0.000000" m_ty="0.000000"/>
  </frame>
  <frame idx="925" w="88" h="88" x="16.000000" y="16.000000">
   <element name="symbol0" layername="soultide_bluecandy" frame="2" z_index="5" m_a="1.500000" m_b="0.000000" m_c="0.000000" m_d="1.500000" m_tx="0.000000" m_ty="0.000000"/>
  </frame>
  <frame idx="950" w="88" h="88" x="16.000000" y="16.000000">
   <element name="symbol0" layername="soultide_bluecandy" frame="2" z_index="5" m_a="1.500000" m_b="0.000000" m_c="0.000000" m_d="1.500000" m_tx="0.000000" m_ty="0.000000"/>
  </frame>
  <frame idx="975" w="88" h="88" x="16.000000" y="16.000000">
   <element name="symbol0" layername="soultide_bluecandy" frame="2" z_index="5" m_a="1.500000" m_b="0.000000" m_c="0.000000" m_d="1.500000" m_tx="0.000000" m_ty="0.000000"/>
  </frame>
 </anim>
 <anim name="soultide_purplecandy" root="soultide_candy" numframes="1000" framerate="40">
  <frame idx="0" w="88" h="88" x="16.000000" y="16.000000">
   <element name="symbol0" layername="soultide_purplecandy" frame="3" z_index="5" m_a="1.500000" m_b="0.000000" m_c="0.000000" m_d="1.500000" m_tx="0.000000" m_ty="0.000000"/>
  </frame>
  <frame idx="25" w="88" h="88" x="16.000000" y="16.000000">
   <element name="symbol0" layername="soultide_purplecandy" frame="3" z_index="5" m_a="1.500000" m_b="0.000000" m_c="0.000000" m_d="1.500000" m_tx="0.000000" m_ty="0.000000"/>
  </frame>
  <frame idx="50" w="88" h="88" x="16.000000" y="16.000000">
   <element name="symbol0" layername="soultide_purplecandy" frame="3" z_index="5" m_a="1.500000" m_b="0.000000" m_c="0.000000" m_d="1.500000" m_tx="0.000000" m_ty="0.000000"/>
  </frame>
  <frame idx="75" w="88" h="88" x="16.000000" y="16.000000">
   <element name="symbol0" layername="soultide_purplecandy" frame="3" z_index="5" m_a="1.500000" m_b="0.000000" m_c="0.000000" m_d="1.500000" m_tx="0.000000" m_ty="0.000000"/>
  </frame>
  <frame idx="100" w="88" h="88" x="16.000000" y="16.000000">
   <element name="symbol0" layername="soultide_purplecandy" frame="3" z_index="5" m_a="1.500000" m_b="0.000000" m_c="0.000000" m_d="1.500000" m_tx="0.000000" m_ty="0.000000"/>
  </frame>
  <frame idx="125" w="88" h="88" x="16.000000" y="16.000000">
   <element name="symbol0" layername="soultide_purplecandy" frame="3" z_index="5" m_a="1.500000" m_b="0.000000" m_c="0.000000" m_d="1.500000" m_tx="0.000000" m_ty="0.000000"/>
  </frame>
  <frame idx="150" w="88" h="88" x="16.000000" y="16.000000">
   <element name="symbol0" layername="soultide_purplecandy" frame="3" z_index="5" m_a="1.500000" m_b="0.000000" m_c="0.000000" m_d="1.500000" m_tx="0.000000" m_ty="0.000000"/>
  </frame>
  <frame idx="175" w="88" h="88" x="16.000000" y="16.000000">
   <element name="symbol0" layername="soultide_purplecandy" frame="3" z_index="5" m_a="1.500000" m_b="0.000000" m_c="0.000000" m_d="1.500000" m_tx="0.000000" m_ty="0.000000"/>
  </frame>
  <frame idx="200" w="88" h="88" x="16.000000" y="16.000000">
   <element name="symbol0" layername="soultide_purplecandy" frame="3" z_index="5" m_a="1.500000" m_b="0.000000" m_c="0.000000" m_d="1.500000" m_tx="0.000000" m_ty="0.000000"/>
  </frame>
  <frame idx="225" w="88" h="88" x="16.000000" y="16.000000">
   <element name="symbol0" layername="soultide_purplecandy" frame="3" z_index="5" m_a="1.500000" m_b="0.000000" m_c="0.000000" m_d="1.500000" m_tx="0.000000" m_ty="0.000000"/>
  </frame>
  <frame idx="250" w="88" h="88" x="16.000000" y="16.000000">
   <element name="symbol0" layername="soultide_purplecandy" frame="3" z_index="5" m_a="1.500000" m_b="0.000000" m_c="0.000000" m_d="1.500000" m_tx="0.000000" m_ty="0.000000"/>
  </frame>
  <frame idx="275" w="88" h="88" x="16.000000" y="16.000000">
   <element name="symbol0" layername="soultide_purplecandy" frame="3" z_index="5" m_a="1.500000" m_b="0.000000" m_c="0.000000" m_d="1.500000" m_tx="0.000000" m_ty="0.000000"/>
  </frame>
  <frame idx="300" w="88" h="88" x="16.000000" y="16.000000">
   <element name="symbol0" layername="soultide_purplecandy" frame="3" z_index="5" m_a="1.500000" m_b="0.000000" m_c="0.000000" m_d="1.500000" m_tx="0.000000" m_ty="0.000000"/>
  </frame>
  <frame idx="325" w="88" h="88" x="16.000000" y="16.000000">
   <element name="symbol0" layername="soultide_purplecandy" frame="3" z_index="5" m_a="1.500000" m_b="0.000000" m_c="0.000000" m_d="1.500000" m_tx="0.000000" m_ty="0.000000"/>
  </frame>
  <frame idx="350" w="88" h="88" x="16.000000" y="16.000000">
   <element name="symbol0" layername="soultide_purplecandy" frame="3" z_index="5" m_a="1.500000" m_b="0.000000" m_c="0.000000" m_d="1.500000" m_tx="0.000000" m_ty="0.000000"/>
  </frame>
  <frame idx="375" w="88" h="88" x="16.000000" y="16.000000">
   <element name="symbol0" layername="soultide_purplecandy" frame="3" z_index="5" m_a="1.500000" m_b="0.000000" m_c="0.000000" m_d="1.500000" m_tx="0.000000" m_ty="0.000000"/>
  </frame>
  <frame idx="400" w="88" h="88" x="16.000000" y="16.000000">
   <element name="symbol0" layername="soultide_purplecandy" frame="3" z_index="5" m_a="1.500000" m_b="0.000000" m_c="0.000000" m_d="1.500000" m_tx="0.000000" m_ty="0.000000"/>
  </frame>
  <frame idx="425" w="88" h="88" x="16.000000" y="16.000000">
   <element name="symbol0" layername="soultide_purplecandy" frame="3" z_index="5" m_a="1.500000" m_b="0.000000" m_c="0.000000" m_d="1.500000" m_tx="0.000000" m_ty="0.000000"/>
  </frame>
  <frame idx="450" w="88" h="88" x="16.000000" y="16.000000">
   <element name="symbol0" layername="soultide_purplecandy" frame="3" z_index="5" m_a="1.500000" m_b="0.000000" m_c="0.000000" m_d="1.500000" m_tx="0.000000" m_ty="0.000000"/>
  </frame>
  <frame idx="475" w="88" h="88" x="16.000000" y="16.000000">
   <element name="symbol0" layername="soultide_purplecandy" frame="3" z_index="5" m_a="1.500000" m_b="0.000000" m_c="0.000000" m_d="1.500000" m_tx="0.000000" m_ty="0.000000"/>
  </frame>
  <frame idx="500" w="88" h="88" x="16.000000" y="16.000000">
   <element name="symbol0" layername="soultide_purplecandy" frame="3" z_index="5" m_a="1.500000" m_b="0.000000" m_c="0.000000" m_d="1.500000" m_tx="0.000000" m_ty="0.000000"/>
  </frame>
  <frame idx="525" w="88" h="88" x="16.000000" y="16.000000">
   <element name="symbol0" layername="soultide_purplecandy" frame="3" z_index="5" m_a="1.500000" m_b="0.000000" m_c="0.000000" m_d="1.500000" m_tx="0.000000" m_ty="0.000000"/>
  </frame>
  <frame idx="550" w="88" h="88" x="16.000000" y="16.000000">
   <element name="symbol0" layername="soultide_purplecandy" frame="3" z_index="5" m_a="1.500000" m_b="0.000000" m_c="0.000000" m_d="1.500000" m_tx="0.000000" m_ty="0.000000"/>
  </frame>
  <frame idx="575" w="88" h="88" x="16.000000" y="16.000000">
   <element name="symbol0" layername="soultide_purplecandy" frame="3" z_index="5" m_a="1.500000" m_b="0.000000" m_c="0.000000" m_d="1.500000" m_tx="0.000000" m_ty="0.000000"/>
  </frame>
  <frame idx="600" w="88" h="88" x="16.000000" y="16.000000">
   <element name="symbol0" layername="soultide_purplecandy" frame="3" z_index="5" m_a="1.500000" m_b="0.000000" m_c="0.000000" m_d="1.500000" m_tx="0.000000" m_ty="0.000000"/>
  </frame>
  <frame idx="625" w="88" h="88" x="16.000000" y="16.000000">
   <element name="symbol0" layername="soultide_purplecandy" frame="3" z_index="5" m_a="1.500000" m_b="0.000000" m_c="0.000000" m_d="1.500000" m_tx="0.000000" m_ty="0.000000"/>
  </frame>
  <frame idx="650" w="88" h="88" x="16.000000" y="16.000000">
   <element name="symbol0" layername="soultide_purplecandy" frame="3" z_index="5" m_a="1.500000" m_b="0.000000" m_c="0.000000" m_d="1.500000" m_tx="0.000000" m_ty="0.000000"/>
  </frame>
  <frame idx="675" w="88" h="88" x="16.000000" y="16.000000">
   <element name="symbol0" layername="soultide_purplecandy" frame="3" z_index="5" m_a="1.500000" m_b="0.000000" m_c="0.000000" m_d="1.500000" m_tx="0.000000" m_ty="0.000000"/>
  </frame>
  <frame idx="700" w="88" h="88" x="16.000000" y="16.000000">
   <element name="symbol0" layername="soultide_purplecandy" frame="3" z_index="5" m_a="1.500000" m_b="0.000000" m_c="0.000000" m_d="1.500000" m_tx="0.000000" m_ty="0.000000"/>
  </frame>
  <frame idx="725" w="88" h="88" x="16.000000" y="16.000000">
   <element name="symbol0" layername="soultide_purplecandy" frame="3" z_index="5" m_a="1.500000" m_b="0.000000" m_c="0.000000" m_d="1.500000" m_tx="0.000000" m_ty="0.000000"/>
  </frame>
  <frame idx="750" w="88" h="88" x="16.000000" y="16.000000">
   <element name="symbol0" layername="soultide_purplecandy" frame="3" z_index="5" m_a="1.500000" m_b="0.000000" m_c="0.000000" m_d="1.500000" m_tx="0.000000" m_ty="0.000000"/>
  </frame>
  <frame idx="775" w="88" h="88" x="16.000000" y="16.000000">
   <element name="symbol0" layername="soultide_purplecandy" frame="3" z_index="5" m_a="1.500000" m_b="0.000000" m_c="0.000000" m_d="1.500000" m_tx="0.000000" m_ty="0.000000"/>
  </frame>
  <frame idx="800" w="88" h="88" x="16.000000" y="16.000000">
   <element name="symbol0" layername="soultide_purplecandy" frame="3" z_index="5" m_a="1.500000" m_b="0.000000" m_c="0.000000" m_d="1.500000" m_tx="0.000000" m_ty="0.000000"/>
  </frame>
  <frame idx="825" w="88" h="88" x="16.000000" y="16.000000">
   <element name="symbol0" layername="soultide_purplecandy" frame="3" z_index="5" m_a="1.500000" m_b="0.000000" m_c="0.000000" m_d="1.500000" m_tx="0.000000" m_ty="0.000000"/>
  </frame>
  <frame idx="850" w="88" h="88" x="16.000000" y="16.000000">
   <element name="symbol0" layername="soultide_purplecandy" frame="3" z_index="5" m_a="1.500000" m_b="0.000000" m_c="0.000000" m_d="1.500000" m_tx="0.000000" m_ty="0.000000"/>
  </frame>
  <frame idx="875" w="88" h="88" x="16.000000" y="16.000000">
   <element name="symbol0" layername="soultide_purplecandy" frame="3" z_index="5" m_a="1.500000" m_b="0.000000" m_c="0.000000" m_d="1.500000" m_tx="0.000000" m_ty="0.000000"/>
  </frame>
  <frame idx="900" w="88" h="88" x="16.000000" y="16.000000">
   <element name="symbol0" layername="soultide_purplecandy" frame="3" z_index="5" m_a="1.500000" m_b="0.000000" m_c="0.000000" m_d="1.500000" m_tx="0.000000" m_ty="0.000000"/>
  </frame>
  <frame idx="925" w="88" h="88" x="16.000000" y="16.000000">
   <element name="symbol0" layername="soultide_purplecandy" frame="3" z_index="5" m_a="1.500000" m_b="0.000000" m_c="0.000000" m_d="1.500000" m_tx="0.000000" m_ty="0.000000"/>
  </frame>
  <frame idx="950" w="88" h="88" x="16.000000" y="16.000000">
   <element name="symbol0" layername="soultide_purplecandy" frame="3" z_index="5" m_a="1.500000" m_b="0.000000" m_c="0.000000" m_d="1.500000" m_tx="0.000000" m_ty="0.000000"/>
  </frame>
  <frame idx="975" w="88" h="88" x="16.000000" y="16.000000">
   <element name="symbol0" layername="soultide_purplecandy" frame="3" z_index="5" m_a="1.500000" m_b="0.000000" m_c="0.000000" m_d="1.500000" m_tx="0.000000" m_ty="0.000000"/>
  </frame>
 </anim>
 <anim name="soultide_goldencandy" root="soultide_candy" numframes="1000" framerate="40">
  <frame idx="0" w="88" h="88" x="16.000000" y="16.000000">
   <element name="symbol0" layername="soultide_goldencandy" frame="1" z_index="5" m_a="1.500000" m_b="0.000000" m_c="0.000000" m_d="1.500000" m_tx="0.000000" m_ty="0.000000"/>
  </frame>
  <frame idx="25" w="88" h="88" x="16.000000" y="16.000000">
   <element name="symbol0" layername="soultide_goldencandy" frame="1" z_index="5" m_a="1.500000" m_b="0.000000" m_c="0.000000" m_d="1.500000" m_tx="0.000000" m_ty="0.000000"/>
  </frame>
  <frame idx="50" w="88" h="88" x="16.000000" y="16.000000">
   <element name="symbol0" layername="soultide_goldencandy" frame="1" z_index="5" m_a="1.500000" m_b="0.000000" m_c="0.000000" m_d="1.500000" m_tx="0.000000" m_ty="0.000000"/>
  </frame>
  <frame idx="75" w="88" h="88" x="16.000000" y="16.000000">
   <element name="symbol0" layername="soultide_goldencandy" frame="1" z_index="5" m_a="1.500000" m_b="0.000000" m_c="0.000000" m_d="1.500000" m_tx="0.000000" m_ty="0.000000"/>
  </frame>
  <frame idx="100" w="88" h="88" x="16.000000" y="16.000000">
   <element name="symbol0" layername="soultide_goldencandy" frame="1" z_index="5" m_a="1.500000" m_b="0.000000" m_c="0.000000" m_d="1.500000" m_tx="0.000000" m_ty="0.000000"/>
  </frame>
  <frame idx="125" w="88" h="88" x="16.000000" y="16.000000">
   <element name="symbol0" layername="soultide_goldencandy" frame="1" z_index="5" m_a="1.500000" m_b="0.000000" m_c="0.000000" m_d="1.500000" m_tx="0.000000" m_ty="0.000000"/>
  </frame>
  <frame idx="150" w="88" h="88" x="16.000000" y="16.000000">
   <element name="symbol0" layername="soultide_goldencandy" frame="1" z_index="5" m_a="1.500000" m_b="0.000000" m_c="0.000000" m_d="1.500000" m_tx="0.000000" m_ty="0.000000"/>
  </frame>
  <frame idx="175" w="88" h="88" x="16.000000" y="16.000000">
   <element name="symbol0" layername="soultide_goldencandy" frame="1" z_index="5" m_a="1.500000" m_b="0.000000" m_c="0.000000" m_d="1.500000" m_tx="0.000000" m_ty="0.000000"/>
  </frame>
  <frame idx="200" w="88" h="88" x="16.000000" y="16.000000">
   <element name="symbol0" layername="soultide_goldencandy" frame="1" z_index="5" m_a="1.500000" m_b="0.000000" m_c="0.000000" m_d="1.500000" m_tx="0.000000" m_ty="0.000000"/>
  </frame>
  <frame idx="225" w="88" h="88" x="16.000000" y="16.000000">
   <element name="symbol0" layername="soultide_goldencandy" frame="1" z_index="5" m_a="1.500000" m_b="0.000000" m_c="0.000000" m_d="1.500000" m_tx="0.000000" m_ty="0.000000"/>
  </frame>
  <frame idx="250" w="88" h="88" x="16.000000" y="16.000000">
   <element name="symbol0" layername="soultide_goldencandy" frame="1" z_index="5" m_a="1.500000" m_b="0.000000" m_c="0.000000" m_d="1.500000" m_tx="0.000000" m_ty="0.000000"/>
  </frame>
  <frame idx="275" w="88" h="88" x="16.000000" y="16.000000">
   <element name="symbol0" layername="soultide_goldencandy" frame="1" z_index="5" m_a="1.500000" m_b="0.000000" m_c="0.000000" m_d="1.500000" m_tx="0.000000" m_ty="0.000000"/>
  </frame>
  <frame idx="300" w="88" h="88" x="16.000000" y="16.000000">
   <element name="symbol0" layername="soultide_goldencandy" frame="1" z_index="5" m_a="1.500000" m_b="0.000000" m_c="0.000000" m_d="1.500000" m_tx="0.000000" m_ty="0.000000"/>
  </frame>
  <frame idx="325" w="88" h="88" x="16.000000" y="16.000000">
   <element name="symbol0" layername="soultide_goldencandy" frame="1" z_index="5" m_a="1.500000" m_b="0.000000" m_c="0.000000" m_d="1.500000" m_tx="0.000000" m_ty="0.000000"/>
  </frame>
  <frame idx="350" w="88" h="88" x="16.000000" y="16.000000">
   <element name="symbol0" layername="soultide_goldencandy" frame="1" z_index="5" m_a="1.500000" m_b="0.000000" m_c="0.000000" m_d="1.500000" m_tx="0.000000" m_ty="0.000000"/>
  </frame>
  <frame idx="375" w="88" h="88" x="16.000000" y="16.000000">
   <element name="symbol0" layername="soultide_goldencandy" frame="1" z_index="5" m_a="1.500000" m_b="0.000000" m_c="0.000000" m_d="1.500000" m_tx="0.000000" m_ty="0.000000"/>
  </frame>
  <frame idx="400" w="88" h="88" x="16.000000" y="16.000000">
   <element name="symbol0" layername="soultide_goldencandy" frame="1" z_index="5" m_a="1.500000" m_b="0.000000" m_c="0.000000" m_d="1.500000" m_tx="0.000000" m_ty="0.000000"/>
  </frame>
  <frame idx="425" w="88" h="88" x="16.000000" y="16.000000">
   <element name="symbol0" layername="soultide_goldencandy" frame="1" z_index="5" m_a="1.500000" m_b="0.000000" m_c="0.000000" m_d="1.500000" m_tx="0.000000" m_ty="0.000000"/>
  </frame>
  <frame idx="450" w="88" h="88" x="16.000000" y="16.000000">
   <element name="symbol0" layername="soultide_goldencandy" frame="1" z_index="5" m_a="1.500000" m_b="0.000000" m_c="0.000000" m_d="1.500000" m_tx="0.000000" m_ty="0.000000"/>
  </frame>
  <frame idx="475" w="88" h="88" x="16.000000" y="16.000000">
   <element name="symbol0" layername="soultide_goldencandy" frame="1" z_index="5" m_a="1.500000" m_b="0.000000" m_c="0.000000" m_d="1.500000" m_tx="0.000000" m_ty="0.000000"/>
  </frame>
  <frame idx="500" w="88" h="88" x="16.000000" y="16.000000">
   <element name="symbol0" layername="soultide_goldencandy" frame="1" z_index="5" m_a="1.500000" m_b="0.000000" m_c="0.000000" m_d="1.500000" m_tx="0.000000" m_ty="0.000000"/>
  </frame>
  <frame idx="525" w="88" h="88" x="16.000000" y="16.000000">
   <element name="symbol0" layername="soultide_goldencandy" frame="1" z_index="5" m_a="1.500000" m_b="0.000000" m_c="0.000000" m_d="1.500000" m_tx="0.000000" m_ty="0.000000"/>
  </frame>
  <frame idx="550" w="88" h="88" x="16.000000" y="16.000000">
   <element name="symbol0" layername="soultide_goldencandy" frame="1" z_index="5" m_a="1.500000" m_b="0.000000" m_c="0.000000" m_d="1.500000" m_tx="0.000000" m_ty="0.000000"/>
  </frame>
  <frame idx="575" w="88" h="88" x="16.000000" y="16.000000">
   <element name="symbol0" layername="soultide_goldencandy" frame="1" z_index="5" m_a="1.500000" m_b="0.000000" m_c="0.000000" m_d="1.500000" m_tx="0.000000" m_ty="0.000000"/>
  </frame>
  <frame idx="600" w="88" h="88" x="16.000000" y="16.000000">
   <element name="symbol0" layername="soultide_goldencandy" frame="1" z_index="5" m_a="1.500000" m_b="0.000000" m_c="0.000000" m_d="1.500000" m_tx="0.000000" m_ty="0.000000"/>
  </frame>
  <frame idx="625" w="88" h="88" x="16.000000" y="16.000000">
   <element name="symbol0" layername="soultide_goldencandy" frame="1" z_index="5" m_a="1.500000" m_b="0.000000" m_c="0.000000" m_d="1.500000" m_tx="0.000000" m_ty="0.000000"/>
  </frame>
  <frame idx="650" w="88" h="88" x="16.000000" y="16.000000">
   <element name="symbol0" layername="soultide_goldencandy" frame="1" z_index="5" m_a="1.500000" m_b="0.000000" m_c="0.000000" m_d="1.500000" m_tx="0.000000" m_ty="0.000000"/>
  </frame>
  <frame idx="675" w="88" h="88" x="16.000000" y="16.000000">
   <element name="symbol0" layername="soultide_goldencandy" frame="1" z_index="5" m_a="1.500000" m_b="0.000000" m_c="0.000000" m_d="1.500000" m_tx="0.000000" m_ty="0.000000"/>
  </frame>
  <frame idx="700" w="88" h="88" x="16.000000" y="16.000000">
   <element name="symbol0" layername="soultide_goldencandy" frame="1" z_index="5" m_a="1.500000" m_b="0.000000" m_c="0.000000" m_d="1.500000" m_tx="0.000000" m_ty="0.000000"/>
  </frame>
  <frame idx="725" w="88" h="88" x="16.000000" y="16.000000">
   <element name="symbol0" layername="soultide_goldencandy" frame="1" z_index="5" m_a="1.500000" m_b="0.000000" m_c="0.000000" m_d="1.500000" m_tx="0.000000" m_ty="0.000000"/>
  </frame>
  <frame idx="750" w="88" h="88" x="16.000000" y="16.000000">
   <element name="symbol0" layername="soultide_goldencandy" frame="1" z_index="5" m_a="1.500000" m_b="0.000000" m_c="0.000000" m_d="1.500000" m_tx="0.000000" m_ty="0.000000"/>
  </frame>
  <frame idx="775" w="88" h="88" x="16.000000" y="16.000000">
   <element name="symbol0" layername="soultide_goldencandy" frame="1" z_index="5" m_a="1.500000" m_b="0.000000" m_c="0.000000" m_d="1.500000" m_tx="0.000000" m_ty="0.000000"/>
  </frame>
  <frame idx="800" w="88" h="88" x="16.000000" y="16.000000">
   <element name="symbol0" layername="soultide_goldencandy" frame="1" z_index="5" m_a="1.500000" m_b="0.000000" m_c="0.000000" m_d="1.500000" m_tx="0.000000" m_ty="0.000000"/>
  </frame>
  <frame idx="825" w="88" h="88" x="16.000000" y="16.000000">
   <element name="symbol0" layername="soultide_goldencandy" frame="1" z_index="5" m_a="1.500000" m_b="0.000000" m_c="0.000000" m_d="1.500000" m_tx="0.000000" m_ty="0.000000"/>
  </frame>
  <frame idx="850" w="88" h="88" x="16.000000" y="16.000000">
   <element name="symbol0" layername="soultide_goldencandy" frame="1" z_index="5" m_a="1.500000" m_b="0.000000" m_c="0.000000" m_d="1.500000" m_tx="0.000000" m_ty="0.000000"/>
  </frame>
  <frame idx="875" w="88" h="88" x="16.000000" y="16.000000">
   <element name="symbol0" layername="soultide_goldencandy" frame="1" z_index="5" m_a="1.500000" m_b="0.000000" m_c="0.000000" m_d="1.500000" m_tx="0.000000" m_ty="0.000000"/>
  </frame>
  <frame idx="900" w="88" h="88" x="16.000000" y="16.000000">
   <element name="symbol0" layername="soultide_goldencandy" frame="1" z_index="5" m_a="1.500000" m_b="0.000000" m_c="0.000000" m_d="1.500000" m_tx="0.000000" m_ty="0.000000"/>
  </frame>
  <frame idx="925" w="88" h="88" x="16.000000" y="16.000000">
   <element name="symbol0" layername="soultide_goldencandy" frame="1" z_index="5" m_a="1.500000" m_b="0.000000" m_c="0.000000" m_d="1.500000" m_tx="0.000000" m_ty="0.000000"/>
  </frame>
  <frame idx="950" w="88" h="88" x="16.000000" y="16.000000">
   <element name="symbol0" layername="soultide_goldencandy" frame="1" z_index="5" m_a="1.500000" m_b="0.000000" m_c="0.000000" m_d="1.500000" m_tx="0.000000" m_ty="0.000000"/>
  </frame>
  <frame idx="975" w="88" h="88" x="16.000000" y="16.000000">
   <element name="symbol0" layername="soultide_goldencandy" frame="1" z_index="5" m_a="1.500000" m_b="0.000000" m_c="0.000000" m_d="1.500000" m_tx="0.000000" m_ty="0.000000"/>
  </frame>
 </anim>
 <anim name="soultide_redcandy" root="soultide_candy" numframes="1000" framerate="40">
  <frame idx="0" w="88" h="88" x="16.000000" y="16.000000">
   <element name="symbol0" layername="soultide_redcandy" frame="4" z_index="5" m_a="1.500000" m_b="0.000000" m_c="0.000000" m_d="1.500000" m_tx="0.000000" m_ty="0.000000"/>
  </frame>
  <frame idx="25" w="88" h="88" x="16.000000" y="16.000000">
   <element name="symbol0" layername="soultide_redcandy" frame="4" z_index="5" m_a="1.500000" m_b="0.000000" m_c="0.000000" m_d="1.500000" m_tx="0.000000" m_ty="0.000000"/>
  </frame>
  <frame idx="50" w="88" h="88" x="16.000000" y="16.000000">
   <element name="symbol0" layername="soultide_redcandy" frame="4" z_index="5" m_a="1.500000" m_b="0.000000" m_c="0.000000" m_d="1.500000" m_tx="0.000000" m_ty="0.000000"/>
  </frame>
  <frame idx="75" w="88" h="88" x="16.000000" y="16.000000">
   <element name="symbol0" layername="soultide_redcandy" frame="4" z_index="5" m_a="1.500000" m_b="0.000000" m_c="0.000000" m_d="1.500000" m_tx="0.000000" m_ty="0.000000"/>
  </frame>
  <frame idx="100" w="88" h="88" x="16.000000" y="16.000000">
   <element name="symbol0" layername="soultide_redcandy" frame="4" z_index="5" m_a="1.500000" m_b="0.000000" m_c="0.000000" m_d="1.500000" m_tx="0.000000" m_ty="0.000000"/>
  </frame>
  <frame idx="125" w="88" h="88" x="16.000000" y="16.000000">
   <element name="symbol0" layername="soultide_redcandy" frame="4" z_index="5" m_a="1.500000" m_b="0.000000" m_c="0.000000" m_d="1.500000" m_tx="0.000000" m_ty="0.000000"/>
  </frame>
  <frame idx="150" w="88" h="88" x="16.000000" y="16.000000">
   <element name="symbol0" layername="soultide_redcandy" frame="4" z_index="5" m_a="1.500000" m_b="0.000000" m_c="0.000000" m_d="1.500000" m_tx="0.000000" m_ty="0.000000"/>
  </frame>
  <frame idx="175" w="88" h="88" x="16.000000" y="16.000000">
   <element name="symbol0" layername="soultide_redcandy" frame="4" z_index="5" m_a="1.500000" m_b="0.000000" m_c="0.000000" m_d="1.500000" m_tx="0.000000" m_ty="0.000000"/>
  </frame>
  <frame idx="200" w="88" h="88" x="16.000000" y="16.000000">
   <element name="symbol0" layername="soultide_redcandy" frame="4" z_index="5" m_a="1.500000" m_b="0.000000" m_c="0.000000" m_d="1.500000" m_tx="0.000000" m_ty="0.000000"/>
  </frame>
  <frame idx="225" w="88" h="88" x="16.000000" y="16.000000">
   <element name="symbol0" layername="soultide_redcandy" frame="4" z_index="5" m_a="1.500000" m_b="0.000000" m_c="0.000000" m_d="1.500000" m_tx="0.000000" m_ty="0.000000"/>
  </frame>
  <frame idx="250" w="88" h="88" x="16.000000" y="16.000000">
   <element name="symbol0" layername="soultide_redcandy" frame="4" z_index="5" m_a="1.500000" m_b="0.000000" m_c="0.000000" m_d="1.500000" m_tx="0.000000" m_ty="0.000000"/>
  </frame>
  <frame idx="275" w="88" h="88" x="16.000000" y="16.000000">
   <element name="symbol0" layername="soultide_redcandy" frame="4" z_index="5" m_a="1.500000" m_b="0.000000" m_c="0.000000" m_d="1.500000" m_tx="0.000000" m_ty="0.000000"/>
  </frame>
  <frame idx="300" w="88" h="88" x="16.000000" y="16.000000">
   <element name="symbol0" layername="soultide_redcandy" frame="4" z_index="5" m_a="1.500000" m_b="0.000000" m_c="0.000000" m_d="1.500000" m_tx="0.000000" m_ty="0.000000"/>
  </frame>
  <frame idx="325" w="88" h="88" x="16.000000" y="16.000000">
   <element name="symbol0" layername="soultide_redcandy" frame="4" z_index="5" m_a="1.500000" m_b="0.000000" m_c="0.000000" m_d="1.500000" m_tx="0.000000" m_ty="0.000000"/>
  </frame>
  <frame idx="350" w="88" h="88" x="16.000000" y="16.000000">
   <element name="symbol0" layername="soultide_redcandy" frame="4" z_index="5" m_a="1.500000" m_b="0.000000" m_c="0.000000" m_d="1.500000" m_tx="0.000000" m_ty="0.000000"/>
  </frame>
  <frame idx="375" w="88" h="88" x="16.000000" y="16.000000">
   <element name="symbol0" layername="soultide_redcandy" frame="4" z_index="5" m_a="1.500000" m_b="0.000000" m_c="0.000000" m_d="1.500000" m_tx="0.000000" m_ty="0.000000"/>
  </frame>
  <frame idx="400" w="88" h="88" x="16.000000" y="16.000000">
   <element name="symbol0" layername="soultide_redcandy" frame="4" z_index="5" m_a="1.500000" m_b="0.000000" m_c="0.000000" m_d="1.500000" m_tx="0.000000" m_ty="0.000000"/>
  </frame>
  <frame idx="425" w="88" h="88" x="16.000000" y="16.000000">
   <element name="symbol0" layername="soultide_redcandy" frame="4" z_index="5" m_a="1.500000" m_b="0.000000" m_c="0.000000" m_d="1.500000" m_tx="0.000000" m_ty="0.000000"/>
  </frame>
  <frame idx="450" w="88" h="88" x="16.000000" y="16.000000">
   <element name="symbol0" layername="soultide_redcandy" frame="4" z_index="5" m_a="1.500000" m_b="0.000000" m_c="0.000000" m_d="1.500000" m_tx="0.000000" m_ty="0.000000"/>
  </frame>
  <frame idx="475" w="88" h="88" x="16.000000" y="16.000000">
   <element name="symbol0" layername="soultide_redcandy" frame="4" z_index="5" m_a="1.500000" m_b="0.000000" m_c="0.000000" m_d="1.500000" m_tx="0.000000" m_ty="0.000000"/>
  </frame>
  <frame idx="500" w="88" h="88" x="16.000000" y="16.000000">
   <element name="symbol0" layername="soultide_redcandy" frame="4" z_index="5" m_a="1.500000" m_b="0.000000" m_c="0.000000" m_d="1.500000" m_tx="0.000000" m_ty="0.000000"/>
  </frame>
  <frame idx="525" w="88" h="88" x="16.000000" y="16.000000">
   <element name="symbol0" layername="soultide_redcandy" frame="4" z_index="5" m_a="1.500000" m_b="0.000000" m_c="0.000000" m_d="1.500000" m_tx="0.000000" m_ty="0.000000"/>
  </frame>
  <frame idx="550" w="88" h="88" x="16.000000" y="16.000000">
   <element name="symbol0" layername="soultide_redcandy" frame="4" z_index="5" m_a="1.500000" m_b="0.000000" m_c="0.000000" m_d="1.500000" m_tx="0.000000" m_ty="0.000000"/>
  </frame>
  <frame idx="575" w="88" h="88" x="16.000000" y="16.000000">
   <element name="symbol0" layername="soultide_redcandy" frame="4" z_index="5" m_a="1.500000" m_b="0.000000" m_c="0.000000" m_d="1.500000" m_tx="0.000000" m_ty="0.000000"/>
  </frame>
  <frame idx="600" w="88" h="88" x="16.000000" y="16.000000">
   <element name="symbol0" layername="soultide_redcandy" frame="4" z_index="5" m_a="1.500000" m_b="0.000000" m_c="0.000000" m_d="1.500000" m_tx="0.000000" m_ty="0.000000"/>
  </frame>
  <frame idx="625" w="88" h="88" x="16.000000" y="16.000000">
   <element name="symbol0" layername="soultide_redcandy" frame="4" z_index="5" m_a="1.500000" m_b="0.000000" m_c="0.000000" m_d="1.500000" m_tx="0.000000" m_ty="0.000000"/>
  </frame>
  <frame idx="650" w="88" h="88" x="16.000000" y="16.000000">
   <element name="symbol0" layername="soultide_redcandy" frame="4" z_index="5" m_a="1.500000" m_b="0.000000" m_c="0.000000" m_d="1.500000" m_tx="0.000000" m_ty="0.000000"/>
  </frame>
  <frame idx="675" w="88" h="88" x="16.000000" y="16.000000">
   <element name="symbol0" layername="soultide_redcandy" frame="4" z_index="5" m_a="1.500000" m_b="0.000000" m_c="0.000000" m_d="1.500000" m_tx="0.000000" m_ty="0.000000"/>
  </frame>
  <frame idx="700" w="88" h="88" x="16.000000" y="16.000000">
   <element name="symbol0" layername="soultide_redcandy" frame="4" z_index="5" m_a="1.500000" m_b="0.000000" m_c="0.000000" m_d="1.500000" m_tx="0.000000" m_ty="0.000000"/>
  </frame>
  <frame idx="725" w="88" h="88" x="16.000000" y="16.000000">
   <element name="symbol0" layername="soultide_redcandy" frame="4" z_index="5" m_a="1.500000" m_b="0.000000" m_c="0.000000" m_d="1.500000" m_tx="0.000000" m_ty="0.000000"/>
  </frame>
  <frame idx="750" w="88" h="88" x="16.000000" y="16.000000">
   <element name="symbol0" layername="soultide_redcandy" frame="4" z_index="5" m_a="1.500000" m_b="0.000000" m_c="0.000000" m_d="1.500000" m_tx="0.000000" m_ty="0.000000"/>
  </frame>
  <frame idx="775" w="88" h="88" x="16.000000" y="16.000000">
   <element name="symbol0" layername="soultide_redcandy" frame="4" z_index="5" m_a="1.500000" m_b="0.000000" m_c="0.000000" m_d="1.500000" m_tx="0.000000" m_ty="0.000000"/>
  </frame>
  <frame idx="800" w="88" h="88" x="16.000000" y="16.000000">
   <element name="symbol0" layername="soultide_redcandy" frame="4" z_index="5" m_a="1.500000" m_b="0.000000" m_c="0.000000" m_d="1.500000" m_tx="0.000000" m_ty="0.000000"/>
  </frame>
  <frame idx="825" w="88" h="88" x="16.000000" y="16.000000">
   <element name="symbol0" layername="soultide_redcandy" frame="4" z_index="5" m_a="1.500000" m_b="0.000000" m_c="0.000000" m_d="1.500000" m_tx="0.000000" m_ty="0.000000"/>
  </frame>
  <frame idx="850" w="88" h="88" x="16.000000" y="16.000000">
   <element name="symbol0" layername="soultide_redcandy" frame="4" z_index="5" m_a="1.500000" m_b="0.000000" m_c="0.000000" m_d="1.500000" m_tx="0.000000" m_ty="0.000000"/>
  </frame>
  <frame idx="875" w="88" h="88" x="16.000000" y="16.000000">
   <element name="symbol0" layername="soultide_redcandy" frame="4" z_index="5" m_a="1.500000" m_b="0.000000" m_c="0.000000" m_d="1.500000" m_tx="0.000000" m_ty="0.000000"/>
  </frame>
  <frame idx="900" w="88" h="88" x="16.000000" y="16.000000">
   <element name="symbol0" layername="soultide_redcandy" frame="4" z_index="5" m_a="1.500000" m_b="0.000000" m_c="0.000000" m_d="1.500000" m_tx="0.000000" m_ty="0.000000"/>
  </frame>
  <frame idx="925" w="88" h="88" x="16.000000" y="16.000000">
   <element name="symbol0" layername="soultide_redcandy" frame="4" z_index="5" m_a="1.500000" m_b="0.000000" m_c="0.000000" m_d="1.500000" m_tx="0.000000" m_ty="0.000000"/>
  </frame>
  <frame idx="950" w="88" h="88" x="16.000000" y="16.000000">
   <element name="symbol0" layername="soultide_redcandy" frame="4" z_index="5" m_a="1.500000" m_b="0.000000" m_c="0.000000" m_d="1.500000" m_tx="0.000000" m_ty="0.000000"/>
  </frame>
  <frame idx="975" w="88" h="88" x="16.000000" y="16.000000">
   <element name="symbol0" layername="soultide_redcandy" frame="4" z_index="5" m_a="1.500000" m_b="0.000000" m_c="0.000000" m_d="1.500000" m_tx="0.000000" m_ty="0.000000"/>
  </frame>
 </anim>
</Anims>
